"Address","Occurrences","Indexability","Indexability Status","Canonical Link Element 1","HTTP Canonical","Meta Robots 1","X-Robots-Tag 1","rel=""next"" 1","rel=""prev"" 1","HTTP rel=""next"" 1","HTTP rel=""prev"" 1"
"https://www.powerworksgarage.com/","1","Non-Indexable","Canonicalised","https://powerworksgarage.com/","","","","","","",""
"https://www.powerworksgarage.com/makes","1","Non-Indexable","Canonicalised","https://powerworksgarage.com/makes","","","","","","",""
"https://www.powerworksgarage.com/car-servicing-dubai/car-service-dubai","1","Non-Indexable","Canonicalised","https://powerworksgarage.com/car-servicing-dubai/car-service-dubai","","","","","","",""
"https://www.powerworksgarage.com/car-servicing-dubai/transmission-repair-dubai","1","Non-Indexable","Canonicalised","https://powerworksgarage.com/car-servicing-dubai/transmission-repair-dubai","","","","","","",""
"https://www.powerworksgarage.com/reviews","1","Non-Indexable","Canonicalised","https://powerworksgarage.com/reviews","","","","","","",""
"https://www.powerworksgarage.com/makes/infiniti","1","Non-Indexable","Canonicalised","https://powerworksgarage.com/makes/infiniti","","","","","","",""
"https://www.powerworksgarage.com/makes/jaguar","1","Non-Indexable","Canonicalised","https://powerworksgarage.com/makes/jaguar","","","","","","",""
"https://www.powerworksgarage.com/makes/range-rover","1","Non-Indexable","Canonicalised","https://powerworksgarage.com/makes/range-rover","","","","","","",""
"https://www.powerworksgarage.com/makes/gmc","1","Non-Indexable","Canonicalised","https://powerworksgarage.com/makes/gmc","","","","","","",""
"https://www.powerworksgarage.com/ask-glenn/why-dubai-summers-kill-car-batteries","1","Non-Indexable","Canonicalised","https://powerworksgarage.com/ask-glenn/why-dubai-summers-kill-car-batteries","","","","","","",""
"https://www.powerworksgarage.com/car-servicing-dubai/oil-change-dubai","1","Non-Indexable","Canonicalised","https://powerworksgarage.com/car-servicing-dubai/oil-change-dubai","","","","","","",""
"https://www.powerworksgarage.com/car-servicing-dubai/ac-repair-dubai","1","Non-Indexable","Canonicalised","https://powerworksgarage.com/car-servicing-dubai/ac-repair-dubai","","","","","","",""
"https://www.powerworksgarage.com/ask-glenn/warning-signs-cooling-system-failing","1","Non-Indexable","Canonicalised","https://powerworksgarage.com/ask-glenn/warning-signs-cooling-system-failing","","","","","","",""
"https://www.powerworksgarage.com/makes/chevrolet","1","Non-Indexable","Canonicalised","https://powerworksgarage.com/makes/chevrolet","","","","","","",""
"https://www.powerworksgarage.com/contact?service=ac-repair","1","Non-Indexable","Canonicalised","https://powerworksgarage.com/contact","","","","","","",""
"https://www.powerworksgarage.com/contact","1","Non-Indexable","Canonicalised","https://powerworksgarage.com/contact","","","","","","",""
"https://www.powerworksgarage.com/contact?service=oil-change","1","Non-Indexable","Canonicalised","https://powerworksgarage.com/contact","","","","","","",""
"https://www.powerworksgarage.com/contact?service=car-service","1","Non-Indexable","Canonicalised","https://powerworksgarage.com/contact","","","","","","",""
"https://www.powerworksgarage.com/contact?service=transmission","1","Non-Indexable","Canonicalised","https://powerworksgarage.com/contact","","","","","","",""
"https://www.powerworksgarage.com/contact?service=engine","1","Non-Indexable","Canonicalised","https://powerworksgarage.com/contact","","","","","","",""
"https://www.powerworksgarage.com/car-servicing-dubai/engine-repair-dubai","1","Non-Indexable","Canonicalised","https://powerworksgarage.com/car-servicing-dubai/engine-repair-dubai","","","","","","",""
"https://www.powerworksgarage.com/car-servicing-dubai/suspension-repair-dubai","1","Non-Indexable","Canonicalised","https://powerworksgarage.com/car-servicing-dubai/suspension-repair-dubai","","","","","","",""
"https://www.powerworksgarage.com/contact?service=suspension","1","Non-Indexable","Canonicalised","https://powerworksgarage.com/contact","","","","","","",""
"https://www.powerworksgarage.com/car-servicing-dubai","1","Non-Indexable","Canonicalised","https://powerworksgarage.com/car-servicing-dubai","","","","","","",""
"https://www.powerworksgarage.com/makes/toyota","1","Non-Indexable","Canonicalised","https://powerworksgarage.com/makes/toyota","","","","","","",""
"https://www.powerworksgarage.com/makes/rolls-royce","1","Non-Indexable","Canonicalised","https://powerworksgarage.com/makes/rolls-royce","","","","","","",""
"https://www.powerworksgarage.com/car-servicing-dubai/tyre-replacement-dubai","1","Non-Indexable","Canonicalised","https://powerworksgarage.com/car-servicing-dubai/tyre-replacement-dubai","","","","","","",""
"https://www.powerworksgarage.com/contact?service=tyres","1","Non-Indexable","Canonicalised","https://powerworksgarage.com/contact","","","","","","",""
"https://www.powerworksgarage.com/car-servicing-dubai/electrical-diagnostics-dubai","1","Non-Indexable","Canonicalised","https://powerworksgarage.com/car-servicing-dubai/electrical-diagnostics-dubai","","","","","","",""
"https://www.powerworksgarage.com/contact?service=electrical","1","Non-Indexable","Canonicalised","https://powerworksgarage.com/contact","","","","","","",""
"https://www.powerworksgarage.com/makes/audi","1","Non-Indexable","Canonicalised","https://powerworksgarage.com/makes/audi","","","","","","",""
"https://www.powerworksgarage.com/makes/ford","1","Non-Indexable","Canonicalised","https://powerworksgarage.com/makes/ford","","","","","","",""
"https://www.powerworksgarage.com/makes/ferrari","1","Non-Indexable","Canonicalised","https://powerworksgarage.com/makes/ferrari","","","","","","",""
"https://www.powerworksgarage.com/contact?service=battery","1","Non-Indexable","Canonicalised","https://powerworksgarage.com/contact","","","","","","",""
"https://www.powerworksgarage.com/car-servicing-dubai/battery-replacement-dubai","1","Non-Indexable","Canonicalised","https://powerworksgarage.com/car-servicing-dubai/battery-replacement-dubai","","","","","","",""
"https://www.powerworksgarage.com/ask-glenn/10000km-service-myth","1","Non-Indexable","Canonicalised","https://powerworksgarage.com/ask-glenn/10000km-service-myth","","","","","","",""
"https://www.powerworksgarage.com/makes/volkswagen","1","Non-Indexable","Canonicalised","https://powerworksgarage.com/makes/volkswagen","","","","","","",""
"https://www.powerworksgarage.com/makes/mercedes","1","Non-Indexable","Canonicalised","https://powerworksgarage.com/makes/mercedes","","","","","","",""
"https://www.powerworksgarage.com/about","1","Non-Indexable","Canonicalised","https://powerworksgarage.com/about","","","","","","",""
"https://www.powerworksgarage.com/ask-glenn/ac-blowing-warm-not-always-gas","1","Non-Indexable","Canonicalised","https://powerworksgarage.com/ask-glenn/ac-blowing-warm-not-always-gas","","","","","","",""
"https://www.powerworksgarage.com/makes/lexus","1","Non-Indexable","Canonicalised","https://powerworksgarage.com/makes/lexus","","","","","","",""
"https://www.powerworksgarage.com/makes/porsche","1","Non-Indexable","Canonicalised","https://powerworksgarage.com/makes/porsche","","","","","","",""
"https://www.powerworksgarage.com/ask-glenn/truth-about-lifetime-transmission-fluid","1","Non-Indexable","Canonicalised","https://powerworksgarage.com/ask-glenn/truth-about-lifetime-transmission-fluid","","","","","","",""
"https://www.powerworksgarage.com/ask-glenn/should-you-buy-used-european-car-dubai","1","Non-Indexable","Canonicalised","https://powerworksgarage.com/ask-glenn/should-you-buy-used-european-car-dubai","","","","","","",""
"https://www.powerworksgarage.com/makes/bentley","1","Non-Indexable","Canonicalised","https://powerworksgarage.com/makes/bentley","","","","","","",""
"https://www.powerworksgarage.com/makes/maserati","1","Non-Indexable","Canonicalised","https://powerworksgarage.com/makes/maserati","","","","","","",""
"https://www.powerworksgarage.com/ask-glenn","1","Non-Indexable","Canonicalised","https://powerworksgarage.com/ask-glenn","","","","","","",""
"https://www.powerworksgarage.com/fleet-service-dubai","1","Non-Indexable","Canonicalised","https://powerworksgarage.com/fleet-service-dubai","","","","","","",""
"https://www.powerworksgarage.com/makes/lamborghini","1","Non-Indexable","Canonicalised","https://powerworksgarage.com/makes/lamborghini","","","","","","",""
"https://www.powerworksgarage.com/makes/aston-martin","1","Non-Indexable","Canonicalised","https://powerworksgarage.com/makes/aston-martin","","","","","","",""
"https://www.powerworksgarage.com/makes/dodge","1","Non-Indexable","Canonicalised","https://powerworksgarage.com/makes/dodge","","","","","","",""
"https://www.powerworksgarage.com/makes/mazda","1","Non-Indexable","Canonicalised","https://powerworksgarage.com/makes/mazda","","","","","","",""
"https://www.powerworksgarage.com/makes/bmw","1","Non-Indexable","Canonicalised","https://powerworksgarage.com/makes/bmw","","","","","","",""
"https://www.powerworksgarage.com/makes/honda","1","Non-Indexable","Canonicalised","https://powerworksgarage.com/makes/honda","","","","","","",""
"https://www.powerworksgarage.com/car-servicing-dubai/pre-purchase-inspection-dubai","1","Non-Indexable","Canonicalised","https://powerworksgarage.com/car-servicing-dubai/pre-purchase-inspection-dubai","","","","","","",""
"https://www.powerworksgarage.com/contact?service=inspection","1","Non-Indexable","Canonicalised","https://powerworksgarage.com/contact","","","","","","",""
"https://www.powerworksgarage.com/makes/nissan","1","Non-Indexable","Canonicalised","https://powerworksgarage.com/makes/nissan","","","","","","",""
"https://www.powerworksgarage.com/makes/mini","1","Non-Indexable","Canonicalised","https://powerworksgarage.com/makes/mini","","","","","","",""
"https://www.powerworksgarage.com/makes/jeep","1","Non-Indexable","Canonicalised","https://powerworksgarage.com/makes/jeep","","","","","","",""
"https://www.powerworksgarage.com/makes/land-rover","1","Non-Indexable","Canonicalised","https://powerworksgarage.com/makes/land-rover","","","","","","",""
"https://www.powerworksgarage.com/contact?service=brakes","1","Non-Indexable","Canonicalised","https://powerworksgarage.com/contact","","","","","","",""
"https://www.powerworksgarage.com/car-servicing-dubai/brake-service-dubai","1","Non-Indexable","Canonicalised","https://powerworksgarage.com/car-servicing-dubai/brake-service-dubai","","","","","","",""
"https://www.powerworksgarage.com/car-servicing-dubai/ac-repair-dubai/mazda","1","Non-Indexable","Canonicalised","https://powerworksgarage.com/car-servicing-dubai/ac-repair-dubai/mazda","","","","","","",""
"https://www.powerworksgarage.com/car-servicing-dubai/ac-repair-dubai/land-rover","1","Non-Indexable","Canonicalised","https://powerworksgarage.com/car-servicing-dubai/ac-repair-dubai/land-rover","","","","","","",""
"https://www.powerworksgarage.com/car-servicing-dubai/ac-repair-dubai/bentley","1","Non-Indexable","Canonicalised","https://powerworksgarage.com/car-servicing-dubai/ac-repair-dubai/bentley","","","","","","",""
"https://www.powerworksgarage.com/car-servicing-dubai/ac-repair-dubai/porsche","1","Non-Indexable","Canonicalised","https://powerworksgarage.com/car-servicing-dubai/ac-repair-dubai/porsche","","","","","","",""
"https://www.powerworksgarage.com/car-servicing-dubai/ac-repair-dubai/volkswagen","1","Non-Indexable","Canonicalised","https://powerworksgarage.com/car-servicing-dubai/ac-repair-dubai/volkswagen","","","","","","",""
"https://www.powerworksgarage.com/car-servicing-dubai/ac-repair-dubai/nissan","1","Non-Indexable","Canonicalised","https://powerworksgarage.com/car-servicing-dubai/ac-repair-dubai/nissan","","","","","","",""
"https://www.powerworksgarage.com/car-servicing-dubai/ac-repair-dubai/range-rover","1","Non-Indexable","Canonicalised","https://powerworksgarage.com/car-servicing-dubai/ac-repair-dubai/range-rover","","","","","","",""
"https://www.powerworksgarage.com/car-servicing-dubai/ac-repair-dubai/chevrolet","1","Non-Indexable","Canonicalised","https://powerworksgarage.com/car-servicing-dubai/ac-repair-dubai/chevrolet","","","","","","",""
"https://www.powerworksgarage.com/car-servicing-dubai/ac-repair-dubai/bmw","1","Non-Indexable","Canonicalised","https://powerworksgarage.com/car-servicing-dubai/ac-repair-dubai/bmw","","","","","","",""
"https://www.powerworksgarage.com/car-servicing-dubai/ac-repair-dubai/jeep","1","Non-Indexable","Canonicalised","https://powerworksgarage.com/car-servicing-dubai/ac-repair-dubai/jeep","","","","","","",""
"https://www.powerworksgarage.com/car-servicing-dubai/ac-repair-dubai/aston-martin","1","Non-Indexable","Canonicalised","https://powerworksgarage.com/car-servicing-dubai/ac-repair-dubai/aston-martin","","","","","","",""
"https://www.powerworksgarage.com/car-servicing-dubai/ac-repair-dubai/rolls-royce","1","Non-Indexable","Canonicalised","https://powerworksgarage.com/car-servicing-dubai/ac-repair-dubai/rolls-royce","","","","","","",""
"https://www.powerworksgarage.com/car-servicing-dubai/ac-repair-dubai/toyota","1","Non-Indexable","Canonicalised","https://powerworksgarage.com/car-servicing-dubai/ac-repair-dubai/toyota","","","","","","",""
"https://www.powerworksgarage.com/car-servicing-dubai/engine-repair-dubai/land-rover","1","Non-Indexable","Canonicalised","https://powerworksgarage.com/car-servicing-dubai/engine-repair-dubai/land-rover","","","","","","",""
"https://www.powerworksgarage.com/car-servicing-dubai/engine-repair-dubai/mercedes","1","Non-Indexable","Canonicalised","https://powerworksgarage.com/car-servicing-dubai/engine-repair-dubai/mercedes","","","","","","",""
"https://www.powerworksgarage.com/car-servicing-dubai/engine-repair-dubai/bmw","1","Non-Indexable","Canonicalised","https://powerworksgarage.com/car-servicing-dubai/engine-repair-dubai/bmw","","","","","","",""
"https://www.powerworksgarage.com/car-servicing-dubai/engine-repair-dubai/lexus","1","Non-Indexable","Canonicalised","https://powerworksgarage.com/car-servicing-dubai/engine-repair-dubai/lexus","","","","","","",""
"https://www.powerworksgarage.com/car-servicing-dubai/engine-repair-dubai/chevrolet","1","Non-Indexable","Canonicalised","https://powerworksgarage.com/car-servicing-dubai/engine-repair-dubai/chevrolet","","","","","","",""
"https://www.powerworksgarage.com/car-servicing-dubai/engine-repair-dubai/gmc","1","Non-Indexable","Canonicalised","https://powerworksgarage.com/car-servicing-dubai/engine-repair-dubai/gmc","","","","","","",""
"https://www.powerworksgarage.com/car-servicing-dubai/engine-repair-dubai/jeep","1","Non-Indexable","Canonicalised","https://powerworksgarage.com/car-servicing-dubai/engine-repair-dubai/jeep","","","","","","",""
"https://www.powerworksgarage.com/car-servicing-dubai/engine-repair-dubai/ferrari","1","Non-Indexable","Canonicalised","https://powerworksgarage.com/car-servicing-dubai/engine-repair-dubai/ferrari","","","","","","",""
"https://www.powerworksgarage.com/car-servicing-dubai/engine-repair-dubai/maserati","1","Non-Indexable","Canonicalised","https://powerworksgarage.com/car-servicing-dubai/engine-repair-dubai/maserati","","","","","","",""
"https://www.powerworksgarage.com/car-servicing-dubai/engine-repair-dubai/aston-martin","1","Non-Indexable","Canonicalised","https://powerworksgarage.com/car-servicing-dubai/engine-repair-dubai/aston-martin","","","","","","",""
"https://www.powerworksgarage.com/car-servicing-dubai/engine-repair-dubai/bentley","1","Non-Indexable","Canonicalised","https://powerworksgarage.com/car-servicing-dubai/engine-repair-dubai/bentley","","","","","","",""
"https://www.powerworksgarage.com/car-servicing-dubai/engine-repair-dubai/rolls-royce","1","Non-Indexable","Canonicalised","https://powerworksgarage.com/car-servicing-dubai/engine-repair-dubai/rolls-royce","","","","","","",""
"https://www.powerworksgarage.com/car-servicing-dubai/engine-repair-dubai/dodge","1","Non-Indexable","Canonicalised","https://powerworksgarage.com/car-servicing-dubai/engine-repair-dubai/dodge","","","","","","",""
"https://www.powerworksgarage.com/car-servicing-dubai/engine-repair-dubai/jaguar","1","Non-Indexable","Canonicalised","https://powerworksgarage.com/car-servicing-dubai/engine-repair-dubai/jaguar","","","","","","",""
"https://www.powerworksgarage.com/car-servicing-dubai/engine-repair-dubai/infiniti","1","Non-Indexable","Canonicalised","https://powerworksgarage.com/car-servicing-dubai/engine-repair-dubai/infiniti","","","","","","",""
"https://www.powerworksgarage.com/car-servicing-dubai/engine-repair-dubai/nissan","1","Non-Indexable","Canonicalised","https://powerworksgarage.com/car-servicing-dubai/engine-repair-dubai/nissan","","","","","","",""
"https://www.powerworksgarage.com/car-servicing-dubai/engine-repair-dubai/mazda","1","Non-Indexable","Canonicalised","https://powerworksgarage.com/car-servicing-dubai/engine-repair-dubai/mazda","","","","","","",""
"https://www.powerworksgarage.com/car-servicing-dubai/engine-repair-dubai/mini","1","Non-Indexable","Canonicalised","https://powerworksgarage.com/car-servicing-dubai/engine-repair-dubai/mini","","","","","","",""
"https://www.powerworksgarage.com/car-servicing-dubai/engine-repair-dubai/toyota","1","Non-Indexable","Canonicalised","https://powerworksgarage.com/car-servicing-dubai/engine-repair-dubai/toyota","","","","","","",""
"https://www.powerworksgarage.com/car-servicing-dubai/engine-repair-dubai/porsche","1","Non-Indexable","Canonicalised","https://powerworksgarage.com/car-servicing-dubai/engine-repair-dubai/porsche","","","","","","",""
"https://www.powerworksgarage.com/car-servicing-dubai/engine-repair-dubai/volkswagen","1","Non-Indexable","Canonicalised","https://powerworksgarage.com/car-servicing-dubai/engine-repair-dubai/volkswagen","","","","","","",""
"https://www.powerworksgarage.com/car-servicing-dubai/engine-repair-dubai/range-rover","1","Non-Indexable","Canonicalised","https://powerworksgarage.com/car-servicing-dubai/engine-repair-dubai/range-rover","","","","","","",""
"https://www.powerworksgarage.com/car-servicing-dubai/engine-repair-dubai/lamborghini","1","Non-Indexable","Canonicalised","https://powerworksgarage.com/car-servicing-dubai/engine-repair-dubai/lamborghini","","","","","","",""
"https://www.powerworksgarage.com/car-servicing-dubai/engine-repair-dubai/audi","1","Non-Indexable","Canonicalised","https://powerworksgarage.com/car-servicing-dubai/engine-repair-dubai/audi","","","","","","",""
"https://www.powerworksgarage.com/car-servicing-dubai/engine-repair-dubai/honda","1","Non-Indexable","Canonicalised","https://powerworksgarage.com/car-servicing-dubai/engine-repair-dubai/honda","","","","","","",""
"https://www.powerworksgarage.com/car-servicing-dubai/engine-repair-dubai/ford","1","Non-Indexable","Canonicalised","https://powerworksgarage.com/car-servicing-dubai/engine-repair-dubai/ford","","","","","","",""
"https://www.powerworksgarage.com/car-servicing-dubai/suspension-repair-dubai/mercedes","1","Non-Indexable","Canonicalised","https://powerworksgarage.com/car-servicing-dubai/suspension-repair-dubai/mercedes","","","","","","",""
"https://www.powerworksgarage.com/car-servicing-dubai/suspension-repair-dubai/volkswagen","1","Non-Indexable","Canonicalised","https://powerworksgarage.com/car-servicing-dubai/suspension-repair-dubai/volkswagen","","","","","","",""
"https://www.powerworksgarage.com/car-servicing-dubai/suspension-repair-dubai/nissan","1","Non-Indexable","Canonicalised","https://powerworksgarage.com/car-servicing-dubai/suspension-repair-dubai/nissan","","","","","","",""
"https://www.powerworksgarage.com/car-servicing-dubai/suspension-repair-dubai/gmc","1","Non-Indexable","Canonicalised","https://powerworksgarage.com/car-servicing-dubai/suspension-repair-dubai/gmc","","","","","","",""
"https://www.powerworksgarage.com/car-servicing-dubai/suspension-repair-dubai/rolls-royce","1","Non-Indexable","Canonicalised","https://powerworksgarage.com/car-servicing-dubai/suspension-repair-dubai/rolls-royce","","","","","","",""
"https://www.powerworksgarage.com/car-servicing-dubai/suspension-repair-dubai/infiniti","1","Non-Indexable","Canonicalised","https://powerworksgarage.com/car-servicing-dubai/suspension-repair-dubai/infiniti","","","","","","",""
"https://www.powerworksgarage.com/car-servicing-dubai/suspension-repair-dubai/ferrari","1","Non-Indexable","Canonicalised","https://powerworksgarage.com/car-servicing-dubai/suspension-repair-dubai/ferrari","","","","","","",""
"https://www.powerworksgarage.com/car-servicing-dubai/suspension-repair-dubai/mini","1","Non-Indexable","Canonicalised","https://powerworksgarage.com/car-servicing-dubai/suspension-repair-dubai/mini","","","","","","",""
"https://www.powerworksgarage.com/car-servicing-dubai/suspension-repair-dubai/mazda","1","Non-Indexable","Canonicalised","https://powerworksgarage.com/car-servicing-dubai/suspension-repair-dubai/mazda","","","","","","",""
"https://www.powerworksgarage.com/car-servicing-dubai/suspension-repair-dubai/maserati","1","Non-Indexable","Canonicalised","https://powerworksgarage.com/car-servicing-dubai/suspension-repair-dubai/maserati","","","","","","",""
"https://www.powerworksgarage.com/car-servicing-dubai/suspension-repair-dubai/toyota","1","Non-Indexable","Canonicalised","https://powerworksgarage.com/car-servicing-dubai/suspension-repair-dubai/toyota","","","","","","",""
"https://www.powerworksgarage.com/car-servicing-dubai/suspension-repair-dubai/bentley","1","Non-Indexable","Canonicalised","https://powerworksgarage.com/car-servicing-dubai/suspension-repair-dubai/bentley","","","","","","",""
"https://www.powerworksgarage.com/car-servicing-dubai/suspension-repair-dubai/chevrolet","1","Non-Indexable","Canonicalised","https://powerworksgarage.com/car-servicing-dubai/suspension-repair-dubai/chevrolet","","","","","","",""
"https://www.powerworksgarage.com/car-servicing-dubai/suspension-repair-dubai/jeep","1","Non-Indexable","Canonicalised","https://powerworksgarage.com/car-servicing-dubai/suspension-repair-dubai/jeep","","","","","","",""
"https://www.powerworksgarage.com/car-servicing-dubai/suspension-repair-dubai/porsche","1","Non-Indexable","Canonicalised","https://powerworksgarage.com/car-servicing-dubai/suspension-repair-dubai/porsche","","","","","","",""
"https://www.powerworksgarage.com/car-servicing-dubai/suspension-repair-dubai/lexus","1","Non-Indexable","Canonicalised","https://powerworksgarage.com/car-servicing-dubai/suspension-repair-dubai/lexus","","","","","","",""
"https://www.powerworksgarage.com/car-servicing-dubai/suspension-repair-dubai/dodge","1","Non-Indexable","Canonicalised","https://powerworksgarage.com/car-servicing-dubai/suspension-repair-dubai/dodge","","","","","","",""
"https://www.powerworksgarage.com/car-servicing-dubai/suspension-repair-dubai/jaguar","1","Non-Indexable","Canonicalised","https://powerworksgarage.com/car-servicing-dubai/suspension-repair-dubai/jaguar","","","","","","",""
"https://www.powerworksgarage.com/car-servicing-dubai/suspension-repair-dubai/land-rover","1","Non-Indexable","Canonicalised","https://powerworksgarage.com/car-servicing-dubai/suspension-repair-dubai/land-rover","","","","","","",""
"https://www.powerworksgarage.com/car-servicing-dubai/suspension-repair-dubai/aston-martin","1","Non-Indexable","Canonicalised","https://powerworksgarage.com/car-servicing-dubai/suspension-repair-dubai/aston-martin","","","","","","",""
"https://www.powerworksgarage.com/car-servicing-dubai/suspension-repair-dubai/ford","1","Non-Indexable","Canonicalised","https://powerworksgarage.com/car-servicing-dubai/suspension-repair-dubai/ford","","","","","","",""
"https://www.powerworksgarage.com/car-servicing-dubai/suspension-repair-dubai/honda","1","Non-Indexable","Canonicalised","https://powerworksgarage.com/car-servicing-dubai/suspension-repair-dubai/honda","","","","","","",""
"https://www.powerworksgarage.com/car-servicing-dubai/suspension-repair-dubai/lamborghini","1","Non-Indexable","Canonicalised","https://powerworksgarage.com/car-servicing-dubai/suspension-repair-dubai/lamborghini","","","","","","",""
"https://www.powerworksgarage.com/car-servicing-dubai/suspension-repair-dubai/range-rover","1","Non-Indexable","Canonicalised","https://powerworksgarage.com/car-servicing-dubai/suspension-repair-dubai/range-rover","","","","","","",""
"https://www.powerworksgarage.com/car-servicing-dubai/suspension-repair-dubai/bmw","1","Non-Indexable","Canonicalised","https://powerworksgarage.com/car-servicing-dubai/suspension-repair-dubai/bmw","","","","","","",""
"https://www.powerworksgarage.com/car-servicing-dubai/suspension-repair-dubai/audi","1","Non-Indexable","Canonicalised","https://powerworksgarage.com/car-servicing-dubai/suspension-repair-dubai/audi","","","","","","",""
"https://www.powerworksgarage.com/car-servicing-dubai/car-inspection-dubai","1","Non-Indexable","Canonicalised","https://powerworksgarage.com/car-servicing-dubai/car-inspection-dubai","","","","","","",""
"https://www.powerworksgarage.com/car-servicing-dubai/battery-replacement-dubai/volkswagen","1","Non-Indexable","Canonicalised","https://powerworksgarage.com/car-servicing-dubai/battery-replacement-dubai/volkswagen","","","","","","",""
"https://www.powerworksgarage.com/car-servicing-dubai/battery-replacement-dubai/maserati","1","Non-Indexable","Canonicalised","https://powerworksgarage.com/car-servicing-dubai/battery-replacement-dubai/maserati","","","","","","",""
"https://www.powerworksgarage.com/car-servicing-dubai/battery-replacement-dubai/jaguar","1","Non-Indexable","Canonicalised","https://powerworksgarage.com/car-servicing-dubai/battery-replacement-dubai/jaguar","","","","","","",""
"https://www.powerworksgarage.com/car-servicing-dubai/battery-replacement-dubai/mini","1","Non-Indexable","Canonicalised","https://powerworksgarage.com/car-servicing-dubai/battery-replacement-dubai/mini","","","","","","",""
"https://www.powerworksgarage.com/car-servicing-dubai/battery-replacement-dubai/aston-martin","1","Non-Indexable","Canonicalised","https://powerworksgarage.com/car-servicing-dubai/battery-replacement-dubai/aston-martin","","","","","","",""
"https://www.powerworksgarage.com/car-servicing-dubai/battery-replacement-dubai/toyota","1","Non-Indexable","Canonicalised","https://powerworksgarage.com/car-servicing-dubai/battery-replacement-dubai/toyota","","","","","","",""
"https://www.powerworksgarage.com/car-servicing-dubai/battery-replacement-dubai/porsche","1","Non-Indexable","Canonicalised","https://powerworksgarage.com/car-servicing-dubai/battery-replacement-dubai/porsche","","","","","","",""
"https://www.powerworksgarage.com/car-servicing-dubai/battery-replacement-dubai/chevrolet","1","Non-Indexable","Canonicalised","https://powerworksgarage.com/car-servicing-dubai/battery-replacement-dubai/chevrolet","","","","","","",""
"https://www.powerworksgarage.com/car-servicing-dubai/battery-replacement-dubai/lexus","1","Non-Indexable","Canonicalised","https://powerworksgarage.com/car-servicing-dubai/battery-replacement-dubai/lexus","","","","","","",""
"https://www.powerworksgarage.com/car-servicing-dubai/battery-replacement-dubai/lamborghini","1","Non-Indexable","Canonicalised","https://powerworksgarage.com/car-servicing-dubai/battery-replacement-dubai/lamborghini","","","","","","",""
"https://www.powerworksgarage.com/car-servicing-dubai/battery-replacement-dubai/nissan","1","Non-Indexable","Canonicalised","https://powerworksgarage.com/car-servicing-dubai/battery-replacement-dubai/nissan","","","","","","",""
"https://www.powerworksgarage.com/car-servicing-dubai/battery-replacement-dubai/honda","1","Non-Indexable","Canonicalised","https://powerworksgarage.com/car-servicing-dubai/battery-replacement-dubai/honda","","","","","","",""
"https://www.powerworksgarage.com/car-servicing-dubai/battery-replacement-dubai/dodge","1","Non-Indexable","Canonicalised","https://powerworksgarage.com/car-servicing-dubai/battery-replacement-dubai/dodge","","","","","","",""
"https://www.powerworksgarage.com/car-servicing-dubai/battery-replacement-dubai/audi","1","Non-Indexable","Canonicalised","https://powerworksgarage.com/car-servicing-dubai/battery-replacement-dubai/audi","","","","","","",""
"https://www.powerworksgarage.com/car-servicing-dubai/battery-replacement-dubai/rolls-royce","1","Non-Indexable","Canonicalised","https://powerworksgarage.com/car-servicing-dubai/battery-replacement-dubai/rolls-royce","","","","","","",""
"https://www.powerworksgarage.com/car-servicing-dubai/battery-replacement-dubai/gmc","1","Non-Indexable","Canonicalised","https://powerworksgarage.com/car-servicing-dubai/battery-replacement-dubai/gmc","","","","","","",""
"https://www.powerworksgarage.com/car-servicing-dubai/battery-replacement-dubai/infiniti","1","Non-Indexable","Canonicalised","https://powerworksgarage.com/car-servicing-dubai/battery-replacement-dubai/infiniti","","","","","","",""
"https://www.powerworksgarage.com/car-servicing-dubai/battery-replacement-dubai/range-rover","1","Non-Indexable","Canonicalised","https://powerworksgarage.com/car-servicing-dubai/battery-replacement-dubai/range-rover","","","","","","",""
"https://www.powerworksgarage.com/car-servicing-dubai/battery-replacement-dubai/ford","1","Non-Indexable","Canonicalised","https://powerworksgarage.com/car-servicing-dubai/battery-replacement-dubai/ford","","","","","","",""
"https://www.powerworksgarage.com/car-servicing-dubai/battery-replacement-dubai/bentley","1","Non-Indexable","Canonicalised","https://powerworksgarage.com/car-servicing-dubai/battery-replacement-dubai/bentley","","","","","","",""
"https://www.powerworksgarage.com/car-servicing-dubai/pre-purchase-inspection-dubai/chevrolet","1","Non-Indexable","Canonicalised","https://powerworksgarage.com/car-servicing-dubai/pre-purchase-inspection-dubai/chevrolet","","","","","","",""
"https://www.powerworksgarage.com/car-servicing-dubai/pre-purchase-inspection-dubai/mercedes","1","Non-Indexable","Canonicalised","https://powerworksgarage.com/car-servicing-dubai/pre-purchase-inspection-dubai/mercedes","","","","","","",""
"https://www.powerworksgarage.com/car-servicing-dubai/pre-purchase-inspection-dubai/bmw","1","Non-Indexable","Canonicalised","https://powerworksgarage.com/car-servicing-dubai/pre-purchase-inspection-dubai/bmw","","","","","","",""
"https://www.powerworksgarage.com/car-servicing-dubai/pre-purchase-inspection-dubai/range-rover","1","Non-Indexable","Canonicalised","https://powerworksgarage.com/car-servicing-dubai/pre-purchase-inspection-dubai/range-rover","","","","","","",""
"https://www.powerworksgarage.com/car-servicing-dubai/pre-purchase-inspection-dubai/land-rover","1","Non-Indexable","Canonicalised","https://powerworksgarage.com/car-servicing-dubai/pre-purchase-inspection-dubai/land-rover","","","","","","",""
"https://www.powerworksgarage.com/car-servicing-dubai/pre-purchase-inspection-dubai/maserati","1","Non-Indexable","Canonicalised","https://powerworksgarage.com/car-servicing-dubai/pre-purchase-inspection-dubai/maserati","","","","","","",""
"https://www.powerworksgarage.com/car-servicing-dubai/pre-purchase-inspection-dubai/mini","1","Non-Indexable","Canonicalised","https://powerworksgarage.com/car-servicing-dubai/pre-purchase-inspection-dubai/mini","","","","","","",""
"https://www.powerworksgarage.com/car-servicing-dubai/pre-purchase-inspection-dubai/nissan","1","Non-Indexable","Canonicalised","https://powerworksgarage.com/car-servicing-dubai/pre-purchase-inspection-dubai/nissan","","","","","","",""
"https://www.powerworksgarage.com/car-servicing-dubai/pre-purchase-inspection-dubai/jeep","1","Non-Indexable","Canonicalised","https://powerworksgarage.com/car-servicing-dubai/pre-purchase-inspection-dubai/jeep","","","","","","",""
"https://www.powerworksgarage.com/car-servicing-dubai/pre-purchase-inspection-dubai/honda","1","Non-Indexable","Canonicalised","https://powerworksgarage.com/car-servicing-dubai/pre-purchase-inspection-dubai/honda","","","","","","",""
"https://www.powerworksgarage.com/car-servicing-dubai/pre-purchase-inspection-dubai/toyota","1","Non-Indexable","Canonicalised","https://powerworksgarage.com/car-servicing-dubai/pre-purchase-inspection-dubai/toyota","","","","","","",""
"https://www.powerworksgarage.com/car-servicing-dubai/pre-purchase-inspection-dubai/ferrari","1","Non-Indexable","Canonicalised","https://powerworksgarage.com/car-servicing-dubai/pre-purchase-inspection-dubai/ferrari","","","","","","",""
"https://www.powerworksgarage.com/car-servicing-dubai/pre-purchase-inspection-dubai/dodge","1","Non-Indexable","Canonicalised","https://powerworksgarage.com/car-servicing-dubai/pre-purchase-inspection-dubai/dodge","","","","","","",""
"https://www.powerworksgarage.com/car-servicing-dubai/pre-purchase-inspection-dubai/aston-martin","1","Non-Indexable","Canonicalised","https://powerworksgarage.com/car-servicing-dubai/pre-purchase-inspection-dubai/aston-martin","","","","","","",""
"https://www.powerworksgarage.com/car-servicing-dubai/pre-purchase-inspection-dubai/jaguar","1","Non-Indexable","Canonicalised","https://powerworksgarage.com/car-servicing-dubai/pre-purchase-inspection-dubai/jaguar","","","","","","",""
"https://www.powerworksgarage.com/car-servicing-dubai/pre-purchase-inspection-dubai/volkswagen","1","Non-Indexable","Canonicalised","https://powerworksgarage.com/car-servicing-dubai/pre-purchase-inspection-dubai/volkswagen","","","","","","",""
"https://www.powerworksgarage.com/car-servicing-dubai/pre-purchase-inspection-dubai/lexus","1","Non-Indexable","Canonicalised","https://powerworksgarage.com/car-servicing-dubai/pre-purchase-inspection-dubai/lexus","","","","","","",""
"https://www.powerworksgarage.com/car-servicing-dubai/pre-purchase-inspection-dubai/rolls-royce","1","Non-Indexable","Canonicalised","https://powerworksgarage.com/car-servicing-dubai/pre-purchase-inspection-dubai/rolls-royce","","","","","","",""
"https://www.powerworksgarage.com/car-servicing-dubai/pre-purchase-inspection-dubai/infiniti","1","Non-Indexable","Canonicalised","https://powerworksgarage.com/car-servicing-dubai/pre-purchase-inspection-dubai/infiniti","","","","","","",""
"https://www.powerworksgarage.com/car-servicing-dubai/pre-purchase-inspection-dubai/bentley","1","Non-Indexable","Canonicalised","https://powerworksgarage.com/car-servicing-dubai/pre-purchase-inspection-dubai/bentley","","","","","","",""
"https://www.powerworksgarage.com/car-servicing-dubai/pre-purchase-inspection-dubai/audi","1","Non-Indexable","Canonicalised","https://powerworksgarage.com/car-servicing-dubai/pre-purchase-inspection-dubai/audi","","","","","","",""
"https://www.powerworksgarage.com/car-servicing-dubai/pre-purchase-inspection-dubai/lamborghini","1","Non-Indexable","Canonicalised","https://powerworksgarage.com/car-servicing-dubai/pre-purchase-inspection-dubai/lamborghini","","","","","","",""
"https://www.powerworksgarage.com/car-servicing-dubai/pre-purchase-inspection-dubai/gmc","1","Non-Indexable","Canonicalised","https://powerworksgarage.com/car-servicing-dubai/pre-purchase-inspection-dubai/gmc","","","","","","",""
"https://www.powerworksgarage.com/car-servicing-dubai/pre-purchase-inspection-dubai/ford","1","Non-Indexable","Canonicalised","https://powerworksgarage.com/car-servicing-dubai/pre-purchase-inspection-dubai/ford","","","","","","",""
"https://www.powerworksgarage.com/car-servicing-dubai/pre-purchase-inspection-dubai/mazda","1","Non-Indexable","Canonicalised","https://powerworksgarage.com/car-servicing-dubai/pre-purchase-inspection-dubai/mazda","","","","","","",""
"https://www.powerworksgarage.com/car-servicing-dubai/pre-purchase-inspection-dubai/porsche","1","Non-Indexable","Canonicalised","https://powerworksgarage.com/car-servicing-dubai/pre-purchase-inspection-dubai/porsche","","","","","","",""
"https://www.powerworksgarage.com/car-servicing-dubai/brake-service-dubai/infiniti","1","Non-Indexable","Canonicalised","https://powerworksgarage.com/car-servicing-dubai/brake-service-dubai/infiniti","","","","","","",""
"https://www.powerworksgarage.com/car-servicing-dubai/brake-service-dubai/lamborghini","1","Non-Indexable","Canonicalised","https://powerworksgarage.com/car-servicing-dubai/brake-service-dubai/lamborghini","","","","","","",""
"https://www.powerworksgarage.com/car-servicing-dubai/brake-service-dubai/nissan","1","Non-Indexable","Canonicalised","https://powerworksgarage.com/car-servicing-dubai/brake-service-dubai/nissan","","","","","","",""
"https://www.powerworksgarage.com/car-servicing-dubai/brake-service-dubai/mercedes","1","Non-Indexable","Canonicalised","https://powerworksgarage.com/car-servicing-dubai/brake-service-dubai/mercedes","","","","","","",""
"https://www.powerworksgarage.com/car-servicing-dubai/brake-service-dubai/land-rover","1","Non-Indexable","Canonicalised","https://powerworksgarage.com/car-servicing-dubai/brake-service-dubai/land-rover","","","","","","",""
"https://www.powerworksgarage.com/car-servicing-dubai/brake-service-dubai/lexus","1","Non-Indexable","Canonicalised","https://powerworksgarage.com/car-servicing-dubai/brake-service-dubai/lexus","","","","","","",""
"https://www.powerworksgarage.com/car-servicing-dubai/brake-service-dubai/honda","1","Non-Indexable","Canonicalised","https://powerworksgarage.com/car-servicing-dubai/brake-service-dubai/honda","","","","","","",""
"https://www.powerworksgarage.com/car-servicing-dubai/brake-service-dubai/bmw","1","Non-Indexable","Canonicalised","https://powerworksgarage.com/car-servicing-dubai/brake-service-dubai/bmw","","","","","","",""
"https://www.powerworksgarage.com/car-servicing-dubai/brake-service-dubai/range-rover","1","Non-Indexable","Canonicalised","https://powerworksgarage.com/car-servicing-dubai/brake-service-dubai/range-rover","","","","","","",""
"https://www.powerworksgarage.com/car-servicing-dubai/brake-service-dubai/rolls-royce","1","Non-Indexable","Canonicalised","https://powerworksgarage.com/car-servicing-dubai/brake-service-dubai/rolls-royce","","","","","","",""
"https://www.powerworksgarage.com/car-servicing-dubai/brake-service-dubai/chevrolet","1","Non-Indexable","Canonicalised","https://powerworksgarage.com/car-servicing-dubai/brake-service-dubai/chevrolet","","","","","","",""
"https://www.powerworksgarage.com/car-servicing-dubai/brake-service-dubai/gmc","1","Non-Indexable","Canonicalised","https://powerworksgarage.com/car-servicing-dubai/brake-service-dubai/gmc","","","","","","",""
"https://www.powerworksgarage.com/car-servicing-dubai/brake-service-dubai/mini","1","Non-Indexable","Canonicalised","https://powerworksgarage.com/car-servicing-dubai/brake-service-dubai/mini","","","","","","",""
"https://www.powerworksgarage.com/car-servicing-dubai/brake-service-dubai/maserati","1","Non-Indexable","Canonicalised","https://powerworksgarage.com/car-servicing-dubai/brake-service-dubai/maserati","","","","","","",""
"https://www.powerworksgarage.com/car-servicing-dubai/brake-service-dubai/bentley","1","Non-Indexable","Canonicalised","https://powerworksgarage.com/car-servicing-dubai/brake-service-dubai/bentley","","","","","","",""
"https://www.powerworksgarage.com/car-servicing-dubai/brake-service-dubai/porsche","1","Non-Indexable","Canonicalised","https://powerworksgarage.com/car-servicing-dubai/brake-service-dubai/porsche","","","","","","",""
"https://www.powerworksgarage.com/car-servicing-dubai/brake-service-dubai/jeep","1","Non-Indexable","Canonicalised","https://powerworksgarage.com/car-servicing-dubai/brake-service-dubai/jeep","","","","","","",""
"https://www.powerworksgarage.com/car-servicing-dubai/brake-service-dubai/jaguar","1","Non-Indexable","Canonicalised","https://powerworksgarage.com/car-servicing-dubai/brake-service-dubai/jaguar","","","","","","",""
"https://www.powerworksgarage.com/car-servicing-dubai/brake-service-dubai/ford","1","Non-Indexable","Canonicalised","https://powerworksgarage.com/car-servicing-dubai/brake-service-dubai/ford","","","","","","",""
"https://www.powerworksgarage.com/car-servicing-dubai/brake-service-dubai/audi","1","Non-Indexable","Canonicalised","https://powerworksgarage.com/car-servicing-dubai/brake-service-dubai/audi","","","","","","",""
"https://www.powerworksgarage.com/car-servicing-dubai/brake-service-dubai/toyota","1","Non-Indexable","Canonicalised","https://powerworksgarage.com/car-servicing-dubai/brake-service-dubai/toyota","","","","","","",""
"https://www.powerworksgarage.com/car-servicing-dubai/brake-service-dubai/aston-martin","1","Non-Indexable","Canonicalised","https://powerworksgarage.com/car-servicing-dubai/brake-service-dubai/aston-martin","","","","","","",""
"https://www.powerworksgarage.com/car-servicing-dubai/brake-service-dubai/volkswagen","1","Non-Indexable","Canonicalised","https://powerworksgarage.com/car-servicing-dubai/brake-service-dubai/volkswagen","","","","","","",""
"https://www.powerworksgarage.com/car-servicing-dubai/brake-service-dubai/ferrari","1","Non-Indexable","Canonicalised","https://powerworksgarage.com/car-servicing-dubai/brake-service-dubai/ferrari","","","","","","",""
"https://www.powerworksgarage.com/car-servicing-dubai/brake-service-dubai/dodge","1","Non-Indexable","Canonicalised","https://powerworksgarage.com/car-servicing-dubai/brake-service-dubai/dodge","","","","","","",""
"https://www.powerworksgarage.com/car-servicing-dubai/brake-service-dubai/mazda","1","Non-Indexable","Canonicalised","https://powerworksgarage.com/car-servicing-dubai/brake-service-dubai/mazda","","","","","","",""
"https://www.powerworksgarage.com/car-servicing-dubai/car-service-dubai/gmc","1","Non-Indexable","Canonicalised","https://powerworksgarage.com/car-servicing-dubai/car-service-dubai/gmc","","","","","","",""
"https://www.powerworksgarage.com/car-servicing-dubai/car-service-dubai/range-rover","1","Non-Indexable","Canonicalised","https://powerworksgarage.com/car-servicing-dubai/car-service-dubai/range-rover","","","","","","",""
"https://www.powerworksgarage.com/car-servicing-dubai/car-service-dubai/nissan","1","Non-Indexable","Canonicalised","https://powerworksgarage.com/car-servicing-dubai/car-service-dubai/nissan","","","","","","",""
"https://www.powerworksgarage.com/car-servicing-dubai/car-service-dubai/ferrari","1","Non-Indexable","Canonicalised","https://powerworksgarage.com/car-servicing-dubai/car-service-dubai/ferrari","","","","","","",""
"https://www.powerworksgarage.com/car-servicing-dubai/car-service-dubai/land-rover","1","Non-Indexable","Canonicalised","https://powerworksgarage.com/car-servicing-dubai/car-service-dubai/land-rover","","","","","","",""
"https://www.powerworksgarage.com/car-servicing-dubai/car-service-dubai/lexus","1","Non-Indexable","Canonicalised","https://powerworksgarage.com/car-servicing-dubai/car-service-dubai/lexus","","","","","","",""
"https://www.powerworksgarage.com/car-servicing-dubai/car-service-dubai/mini","1","Non-Indexable","Canonicalised","https://powerworksgarage.com/car-servicing-dubai/car-service-dubai/mini","","","","","","",""
"https://www.powerworksgarage.com/car-servicing-dubai/car-service-dubai/mazda","1","Non-Indexable","Canonicalised","https://powerworksgarage.com/car-servicing-dubai/car-service-dubai/mazda","","","","","","",""
"https://www.powerworksgarage.com/car-servicing-dubai/car-service-dubai/toyota","1","Non-Indexable","Canonicalised","https://powerworksgarage.com/car-servicing-dubai/car-service-dubai/toyota","","","","","","",""
"https://www.powerworksgarage.com/car-servicing-dubai/car-service-dubai/chevrolet","1","Non-Indexable","Canonicalised","https://powerworksgarage.com/car-servicing-dubai/car-service-dubai/chevrolet","","","","","","",""
"https://www.powerworksgarage.com/car-servicing-dubai/car-service-dubai/aston-martin","1","Non-Indexable","Canonicalised","https://powerworksgarage.com/car-servicing-dubai/car-service-dubai/aston-martin","","","","","","",""
"https://www.powerworksgarage.com/car-servicing-dubai/car-service-dubai/lamborghini","1","Non-Indexable","Canonicalised","https://powerworksgarage.com/car-servicing-dubai/car-service-dubai/lamborghini","","","","","","",""
"https://www.powerworksgarage.com/car-servicing-dubai/car-service-dubai/bentley","1","Non-Indexable","Canonicalised","https://powerworksgarage.com/car-servicing-dubai/car-service-dubai/bentley","","","","","","",""
"https://www.powerworksgarage.com/car-servicing-dubai/car-service-dubai/porsche","1","Non-Indexable","Canonicalised","https://powerworksgarage.com/car-servicing-dubai/car-service-dubai/porsche","","","","","","",""
"https://www.powerworksgarage.com/car-servicing-dubai/car-service-dubai/maserati","1","Non-Indexable","Canonicalised","https://powerworksgarage.com/car-servicing-dubai/car-service-dubai/maserati","","","","","","",""
"https://www.powerworksgarage.com/car-servicing-dubai/car-service-dubai/dodge","1","Non-Indexable","Canonicalised","https://powerworksgarage.com/car-servicing-dubai/car-service-dubai/dodge","","","","","","",""
"https://www.powerworksgarage.com/car-servicing-dubai/car-service-dubai/rolls-royce","1","Non-Indexable","Canonicalised","https://powerworksgarage.com/car-servicing-dubai/car-service-dubai/rolls-royce","","","","","","",""
"https://www.powerworksgarage.com/car-servicing-dubai/car-service-dubai/volkswagen","1","Non-Indexable","Canonicalised","https://powerworksgarage.com/car-servicing-dubai/car-service-dubai/volkswagen","","","","","","",""
"https://www.powerworksgarage.com/car-servicing-dubai/car-service-dubai/jaguar","1","Non-Indexable","Canonicalised","https://powerworksgarage.com/car-servicing-dubai/car-service-dubai/jaguar","","","","","","",""
"https://www.powerworksgarage.com/car-servicing-dubai/car-service-dubai/jeep","1","Non-Indexable","Canonicalised","https://powerworksgarage.com/car-servicing-dubai/car-service-dubai/jeep","","","","","","",""
"https://www.powerworksgarage.com/car-servicing-dubai/car-service-dubai/honda","1","Non-Indexable","Canonicalised","https://powerworksgarage.com/car-servicing-dubai/car-service-dubai/honda","","","","","","",""
"https://www.powerworksgarage.com/car-servicing-dubai/car-service-dubai/mercedes","1","Non-Indexable","Canonicalised","https://powerworksgarage.com/car-servicing-dubai/car-service-dubai/mercedes","","","","","","",""
"https://www.powerworksgarage.com/car-servicing-dubai/car-service-dubai/ford","1","Non-Indexable","Canonicalised","https://powerworksgarage.com/car-servicing-dubai/car-service-dubai/ford","","","","","","",""
"https://www.powerworksgarage.com/car-servicing-dubai/car-service-dubai/bmw","1","Non-Indexable","Canonicalised","https://powerworksgarage.com/car-servicing-dubai/car-service-dubai/bmw","","","","","","",""
"https://www.powerworksgarage.com/car-servicing-dubai/car-service-dubai/infiniti","1","Non-Indexable","Canonicalised","https://powerworksgarage.com/car-servicing-dubai/car-service-dubai/infiniti","","","","","","",""
"https://www.powerworksgarage.com/car-servicing-dubai/transmission-repair-dubai/aston-martin","1","Non-Indexable","Canonicalised","https://powerworksgarage.com/car-servicing-dubai/transmission-repair-dubai/aston-martin","","","","","","",""
"https://www.powerworksgarage.com/car-servicing-dubai/transmission-repair-dubai/lamborghini","1","Non-Indexable","Canonicalised","https://powerworksgarage.com/car-servicing-dubai/transmission-repair-dubai/lamborghini","","","","","","",""
"https://www.powerworksgarage.com/car-servicing-dubai/car-service-dubai/audi","1","Non-Indexable","Canonicalised","https://powerworksgarage.com/car-servicing-dubai/car-service-dubai/audi","","","","","","",""
"https://www.powerworksgarage.com/car-servicing-dubai/transmission-repair-dubai/jaguar","1","Non-Indexable","Canonicalised","https://powerworksgarage.com/car-servicing-dubai/transmission-repair-dubai/jaguar","","","","","","",""
"https://www.powerworksgarage.com/car-servicing-dubai/transmission-repair-dubai/lexus","1","Non-Indexable","Canonicalised","https://powerworksgarage.com/car-servicing-dubai/transmission-repair-dubai/lexus","","","","","","",""
"https://www.powerworksgarage.com/car-servicing-dubai/transmission-repair-dubai/porsche","1","Non-Indexable","Canonicalised","https://powerworksgarage.com/car-servicing-dubai/transmission-repair-dubai/porsche","","","","","","",""
"https://www.powerworksgarage.com/car-servicing-dubai/transmission-repair-dubai/land-rover","1","Non-Indexable","Canonicalised","https://powerworksgarage.com/car-servicing-dubai/transmission-repair-dubai/land-rover","","","","","","",""
"https://www.powerworksgarage.com/car-servicing-dubai/transmission-repair-dubai/chevrolet","1","Non-Indexable","Canonicalised","https://powerworksgarage.com/car-servicing-dubai/transmission-repair-dubai/chevrolet","","","","","","",""
"https://www.powerworksgarage.com/car-servicing-dubai/transmission-repair-dubai/volkswagen","1","Non-Indexable","Canonicalised","https://powerworksgarage.com/car-servicing-dubai/transmission-repair-dubai/volkswagen","","","","","","",""
"https://www.powerworksgarage.com/car-servicing-dubai/transmission-repair-dubai/bentley","1","Non-Indexable","Canonicalised","https://powerworksgarage.com/car-servicing-dubai/transmission-repair-dubai/bentley","","","","","","",""
"https://www.powerworksgarage.com/car-servicing-dubai/transmission-repair-dubai/mazda","1","Non-Indexable","Canonicalised","https://powerworksgarage.com/car-servicing-dubai/transmission-repair-dubai/mazda","","","","","","",""
"https://www.powerworksgarage.com/car-servicing-dubai/transmission-repair-dubai/rolls-royce","1","Non-Indexable","Canonicalised","https://powerworksgarage.com/car-servicing-dubai/transmission-repair-dubai/rolls-royce","","","","","","",""
"https://www.powerworksgarage.com/car-servicing-dubai/transmission-repair-dubai/jeep","1","Non-Indexable","Canonicalised","https://powerworksgarage.com/car-servicing-dubai/transmission-repair-dubai/jeep","","","","","","",""
"https://www.powerworksgarage.com/car-servicing-dubai/transmission-repair-dubai/mini","1","Non-Indexable","Canonicalised","https://powerworksgarage.com/car-servicing-dubai/transmission-repair-dubai/mini","","","","","","",""
"https://www.powerworksgarage.com/car-servicing-dubai/transmission-repair-dubai/gmc","1","Non-Indexable","Canonicalised","https://powerworksgarage.com/car-servicing-dubai/transmission-repair-dubai/gmc","","","","","","",""
"https://www.powerworksgarage.com/car-servicing-dubai/transmission-repair-dubai/dodge","1","Non-Indexable","Canonicalised","https://powerworksgarage.com/car-servicing-dubai/transmission-repair-dubai/dodge","","","","","","",""
"https://www.powerworksgarage.com/car-servicing-dubai/transmission-repair-dubai/range-rover","1","Non-Indexable","Canonicalised","https://powerworksgarage.com/car-servicing-dubai/transmission-repair-dubai/range-rover","","","","","","",""
"https://www.powerworksgarage.com/car-servicing-dubai/transmission-repair-dubai/bmw","1","Non-Indexable","Canonicalised","https://powerworksgarage.com/car-servicing-dubai/transmission-repair-dubai/bmw","","","","","","",""
"https://www.powerworksgarage.com/car-servicing-dubai/transmission-repair-dubai/nissan","1","Non-Indexable","Canonicalised","https://powerworksgarage.com/car-servicing-dubai/transmission-repair-dubai/nissan","","","","","","",""
"https://www.powerworksgarage.com/car-servicing-dubai/transmission-repair-dubai/mercedes","1","Non-Indexable","Canonicalised","https://powerworksgarage.com/car-servicing-dubai/transmission-repair-dubai/mercedes","","","","","","",""
"https://www.powerworksgarage.com/car-servicing-dubai/transmission-repair-dubai/toyota","1","Non-Indexable","Canonicalised","https://powerworksgarage.com/car-servicing-dubai/transmission-repair-dubai/toyota","","","","","","",""
"https://www.powerworksgarage.com/car-servicing-dubai/transmission-repair-dubai/honda","1","Non-Indexable","Canonicalised","https://powerworksgarage.com/car-servicing-dubai/transmission-repair-dubai/honda","","","","","","",""
"https://www.powerworksgarage.com/car-servicing-dubai/transmission-repair-dubai/audi","1","Non-Indexable","Canonicalised","https://powerworksgarage.com/car-servicing-dubai/transmission-repair-dubai/audi","","","","","","",""
"https://www.powerworksgarage.com/car-servicing-dubai/transmission-repair-dubai/maserati","1","Non-Indexable","Canonicalised","https://powerworksgarage.com/car-servicing-dubai/transmission-repair-dubai/maserati","","","","","","",""
"https://www.powerworksgarage.com/car-servicing-dubai/transmission-repair-dubai/infiniti","1","Non-Indexable","Canonicalised","https://powerworksgarage.com/car-servicing-dubai/transmission-repair-dubai/infiniti","","","","","","",""
"https://www.powerworksgarage.com/car-servicing-dubai/transmission-repair-dubai/ford","1","Non-Indexable","Canonicalised","https://powerworksgarage.com/car-servicing-dubai/transmission-repair-dubai/ford","","","","","","",""
"https://www.powerworksgarage.com/car-servicing-dubai/battery-replacement-dubai/mercedes","1","Non-Indexable","Canonicalised","https://powerworksgarage.com/car-servicing-dubai/battery-replacement-dubai/mercedes","","","","","","",""
"https://www.powerworksgarage.com/car-servicing-dubai/battery-replacement-dubai/bmw","1","Non-Indexable","Canonicalised","https://powerworksgarage.com/car-servicing-dubai/battery-replacement-dubai/bmw","","","","","","",""
"https://www.powerworksgarage.com/car-servicing-dubai/transmission-repair-dubai/ferrari","1","Non-Indexable","Canonicalised","https://powerworksgarage.com/car-servicing-dubai/transmission-repair-dubai/ferrari","","","","","","",""
"https://www.powerworksgarage.com/car-servicing-dubai/oil-change-dubai/jeep","1","Non-Indexable","Canonicalised","https://powerworksgarage.com/car-servicing-dubai/oil-change-dubai/jeep","","","","","","",""
"https://www.powerworksgarage.com/car-servicing-dubai/oil-change-dubai/volkswagen","1","Non-Indexable","Canonicalised","https://powerworksgarage.com/car-servicing-dubai/oil-change-dubai/volkswagen","","","","","","",""
"https://www.powerworksgarage.com/car-servicing-dubai/oil-change-dubai/dodge","1","Non-Indexable","Canonicalised","https://powerworksgarage.com/car-servicing-dubai/oil-change-dubai/dodge","","","","","","",""
"https://www.powerworksgarage.com/car-servicing-dubai/battery-replacement-dubai/land-rover","1","Non-Indexable","Canonicalised","https://powerworksgarage.com/car-servicing-dubai/battery-replacement-dubai/land-rover","","","","","","",""
"https://www.powerworksgarage.com/car-servicing-dubai/oil-change-dubai/mercedes","1","Non-Indexable","Canonicalised","https://powerworksgarage.com/car-servicing-dubai/oil-change-dubai/mercedes","","","","","","",""
"https://www.powerworksgarage.com/car-servicing-dubai/oil-change-dubai/lexus","1","Non-Indexable","Canonicalised","https://powerworksgarage.com/car-servicing-dubai/oil-change-dubai/lexus","","","","","","",""
"https://www.powerworksgarage.com/car-servicing-dubai/oil-change-dubai/ferrari","1","Non-Indexable","Canonicalised","https://powerworksgarage.com/car-servicing-dubai/oil-change-dubai/ferrari","","","","","","",""
"https://www.powerworksgarage.com/car-servicing-dubai/oil-change-dubai/rolls-royce","1","Non-Indexable","Canonicalised","https://powerworksgarage.com/car-servicing-dubai/oil-change-dubai/rolls-royce","","","","","","",""
"https://www.powerworksgarage.com/car-servicing-dubai/oil-change-dubai/nissan","1","Non-Indexable","Canonicalised","https://powerworksgarage.com/car-servicing-dubai/oil-change-dubai/nissan","","","","","","",""
"https://www.powerworksgarage.com/car-servicing-dubai/oil-change-dubai/chevrolet","1","Non-Indexable","Canonicalised","https://powerworksgarage.com/car-servicing-dubai/oil-change-dubai/chevrolet","","","","","","",""
"https://www.powerworksgarage.com/car-servicing-dubai/oil-change-dubai/jaguar","1","Non-Indexable","Canonicalised","https://powerworksgarage.com/car-servicing-dubai/oil-change-dubai/jaguar","","","","","","",""
"https://www.powerworksgarage.com/car-servicing-dubai/oil-change-dubai/infiniti","1","Non-Indexable","Canonicalised","https://powerworksgarage.com/car-servicing-dubai/oil-change-dubai/infiniti","","","","","","",""
"https://www.powerworksgarage.com/car-servicing-dubai/oil-change-dubai/ford","1","Non-Indexable","Canonicalised","https://powerworksgarage.com/car-servicing-dubai/oil-change-dubai/ford","","","","","","",""
"https://www.powerworksgarage.com/car-servicing-dubai/oil-change-dubai/aston-martin","1","Non-Indexable","Canonicalised","https://powerworksgarage.com/car-servicing-dubai/oil-change-dubai/aston-martin","","","","","","",""
"https://www.powerworksgarage.com/car-servicing-dubai/oil-change-dubai/bentley","1","Non-Indexable","Canonicalised","https://powerworksgarage.com/car-servicing-dubai/oil-change-dubai/bentley","","","","","","",""
"https://www.powerworksgarage.com/car-servicing-dubai/oil-change-dubai/honda","1","Non-Indexable","Canonicalised","https://powerworksgarage.com/car-servicing-dubai/oil-change-dubai/honda","","","","","","",""
"https://www.powerworksgarage.com/car-servicing-dubai/oil-change-dubai/maserati","1","Non-Indexable","Canonicalised","https://powerworksgarage.com/car-servicing-dubai/oil-change-dubai/maserati","","","","","","",""
"https://www.powerworksgarage.com/car-servicing-dubai/oil-change-dubai/toyota","1","Non-Indexable","Canonicalised","https://powerworksgarage.com/car-servicing-dubai/oil-change-dubai/toyota","","","","","","",""
"https://www.powerworksgarage.com/car-servicing-dubai/battery-replacement-dubai/mazda","1","Non-Indexable","Canonicalised","https://powerworksgarage.com/car-servicing-dubai/battery-replacement-dubai/mazda","","","","","","",""
"https://www.powerworksgarage.com/car-servicing-dubai/battery-replacement-dubai/ferrari","1","Non-Indexable","Canonicalised","https://powerworksgarage.com/car-servicing-dubai/battery-replacement-dubai/ferrari","","","","","","",""
"https://www.powerworksgarage.com/car-servicing-dubai/electrical-diagnostics-dubai/porsche","1","Non-Indexable","Canonicalised","https://powerworksgarage.com/car-servicing-dubai/electrical-diagnostics-dubai/porsche","","","","","","",""
"https://www.powerworksgarage.com/car-servicing-dubai/battery-replacement-dubai/jeep","1","Non-Indexable","Canonicalised","https://powerworksgarage.com/car-servicing-dubai/battery-replacement-dubai/jeep","","","","","","",""
"https://www.powerworksgarage.com/car-servicing-dubai/electrical-diagnostics-dubai/infiniti","1","Non-Indexable","Canonicalised","https://powerworksgarage.com/car-servicing-dubai/electrical-diagnostics-dubai/infiniti","","","","","","",""
"https://www.powerworksgarage.com/car-servicing-dubai/electrical-diagnostics-dubai/dodge","1","Non-Indexable","Canonicalised","https://powerworksgarage.com/car-servicing-dubai/electrical-diagnostics-dubai/dodge","","","","","","",""
"https://www.powerworksgarage.com/car-servicing-dubai/electrical-diagnostics-dubai/maserati","1","Non-Indexable","Canonicalised","https://powerworksgarage.com/car-servicing-dubai/electrical-diagnostics-dubai/maserati","","","","","","",""
"https://www.powerworksgarage.com/car-servicing-dubai/electrical-diagnostics-dubai/land-rover","1","Non-Indexable","Canonicalised","https://powerworksgarage.com/car-servicing-dubai/electrical-diagnostics-dubai/land-rover","","","","","","",""
"https://www.powerworksgarage.com/car-servicing-dubai/electrical-diagnostics-dubai/gmc","1","Non-Indexable","Canonicalised","https://powerworksgarage.com/car-servicing-dubai/electrical-diagnostics-dubai/gmc","","","","","","",""
"https://www.powerworksgarage.com/car-servicing-dubai/electrical-diagnostics-dubai/ferrari","1","Non-Indexable","Canonicalised","https://powerworksgarage.com/car-servicing-dubai/electrical-diagnostics-dubai/ferrari","","","","","","",""
"https://www.powerworksgarage.com/car-servicing-dubai/electrical-diagnostics-dubai/lamborghini","1","Non-Indexable","Canonicalised","https://powerworksgarage.com/car-servicing-dubai/electrical-diagnostics-dubai/lamborghini","","","","","","",""
"https://www.powerworksgarage.com/car-servicing-dubai/electrical-diagnostics-dubai/aston-martin","1","Non-Indexable","Canonicalised","https://powerworksgarage.com/car-servicing-dubai/electrical-diagnostics-dubai/aston-martin","","","","","","",""
"https://www.powerworksgarage.com/car-servicing-dubai/electrical-diagnostics-dubai/lexus","1","Non-Indexable","Canonicalised","https://powerworksgarage.com/car-servicing-dubai/electrical-diagnostics-dubai/lexus","","","","","","",""
"https://www.powerworksgarage.com/car-servicing-dubai/electrical-diagnostics-dubai/mercedes","1","Non-Indexable","Canonicalised","https://powerworksgarage.com/car-servicing-dubai/electrical-diagnostics-dubai/mercedes","","","","","","",""
"https://www.powerworksgarage.com/car-servicing-dubai/electrical-diagnostics-dubai/toyota","1","Non-Indexable","Canonicalised","https://powerworksgarage.com/car-servicing-dubai/electrical-diagnostics-dubai/toyota","","","","","","",""
"https://www.powerworksgarage.com/car-servicing-dubai/electrical-diagnostics-dubai/mini","1","Non-Indexable","Canonicalised","https://powerworksgarage.com/car-servicing-dubai/electrical-diagnostics-dubai/mini","","","","","","",""
"https://www.powerworksgarage.com/car-servicing-dubai/electrical-diagnostics-dubai/honda","1","Non-Indexable","Canonicalised","https://powerworksgarage.com/car-servicing-dubai/electrical-diagnostics-dubai/honda","","","","","","",""
"https://www.powerworksgarage.com/car-servicing-dubai/electrical-diagnostics-dubai/rolls-royce","1","Non-Indexable","Canonicalised","https://powerworksgarage.com/car-servicing-dubai/electrical-diagnostics-dubai/rolls-royce","","","","","","",""
"https://www.powerworksgarage.com/car-servicing-dubai/electrical-diagnostics-dubai/jaguar","1","Non-Indexable","Canonicalised","https://powerworksgarage.com/car-servicing-dubai/electrical-diagnostics-dubai/jaguar","","","","","","",""
"https://www.powerworksgarage.com/car-servicing-dubai/electrical-diagnostics-dubai/chevrolet","1","Non-Indexable","Canonicalised","https://powerworksgarage.com/car-servicing-dubai/electrical-diagnostics-dubai/chevrolet","","","","","","",""
"https://www.powerworksgarage.com/car-servicing-dubai/electrical-diagnostics-dubai/range-rover","1","Non-Indexable","Canonicalised","https://powerworksgarage.com/car-servicing-dubai/electrical-diagnostics-dubai/range-rover","","","","","","",""
"https://www.powerworksgarage.com/car-servicing-dubai/electrical-diagnostics-dubai/jeep","1","Non-Indexable","Canonicalised","https://powerworksgarage.com/car-servicing-dubai/electrical-diagnostics-dubai/jeep","","","","","","",""
"https://www.powerworksgarage.com/car-servicing-dubai/electrical-diagnostics-dubai/bentley","1","Non-Indexable","Canonicalised","https://powerworksgarage.com/car-servicing-dubai/electrical-diagnostics-dubai/bentley","","","","","","",""
"https://www.powerworksgarage.com/car-servicing-dubai/electrical-diagnostics-dubai/ford","1","Non-Indexable","Canonicalised","https://powerworksgarage.com/car-servicing-dubai/electrical-diagnostics-dubai/ford","","","","","","",""
"https://www.powerworksgarage.com/car-servicing-dubai/electrical-diagnostics-dubai/audi","1","Non-Indexable","Canonicalised","https://powerworksgarage.com/car-servicing-dubai/electrical-diagnostics-dubai/audi","","","","","","",""
"https://www.powerworksgarage.com/car-servicing-dubai/electrical-diagnostics-dubai/mazda","1","Non-Indexable","Canonicalised","https://powerworksgarage.com/car-servicing-dubai/electrical-diagnostics-dubai/mazda","","","","","","",""
"https://www.powerworksgarage.com/car-servicing-dubai/electrical-diagnostics-dubai/volkswagen","1","Non-Indexable","Canonicalised","https://powerworksgarage.com/car-servicing-dubai/electrical-diagnostics-dubai/volkswagen","","","","","","",""
"https://www.powerworksgarage.com/car-servicing-dubai/electrical-diagnostics-dubai/bmw","1","Non-Indexable","Canonicalised","https://powerworksgarage.com/car-servicing-dubai/electrical-diagnostics-dubai/bmw","","","","","","",""
"https://www.powerworksgarage.com/car-servicing-dubai/electrical-diagnostics-dubai/nissan","1","Non-Indexable","Canonicalised","https://powerworksgarage.com/car-servicing-dubai/electrical-diagnostics-dubai/nissan","","","","","","",""
"https://www.powerworksgarage.com/car-servicing-dubai/tyre-replacement-dubai/range-rover","1","Non-Indexable","Canonicalised","https://powerworksgarage.com/car-servicing-dubai/tyre-replacement-dubai/range-rover","","","","","","",""
"https://www.powerworksgarage.com/car-servicing-dubai/tyre-replacement-dubai/mercedes","1","Non-Indexable","Canonicalised","https://powerworksgarage.com/car-servicing-dubai/tyre-replacement-dubai/mercedes","","","","","","",""
"https://www.powerworksgarage.com/car-servicing-dubai/tyre-replacement-dubai/gmc","1","Non-Indexable","Canonicalised","https://powerworksgarage.com/car-servicing-dubai/tyre-replacement-dubai/gmc","","","","","","",""
"https://www.powerworksgarage.com/car-servicing-dubai/tyre-replacement-dubai/jeep","1","Non-Indexable","Canonicalised","https://powerworksgarage.com/car-servicing-dubai/tyre-replacement-dubai/jeep","","","","","","",""
"https://www.powerworksgarage.com/car-servicing-dubai/tyre-replacement-dubai/rolls-royce","1","Non-Indexable","Canonicalised","https://powerworksgarage.com/car-servicing-dubai/tyre-replacement-dubai/rolls-royce","","","","","","",""
"https://www.powerworksgarage.com/car-servicing-dubai/tyre-replacement-dubai/ferrari","1","Non-Indexable","Canonicalised","https://powerworksgarage.com/car-servicing-dubai/tyre-replacement-dubai/ferrari","","","","","","",""
"https://www.powerworksgarage.com/car-servicing-dubai/tyre-replacement-dubai/mazda","1","Non-Indexable","Canonicalised","https://powerworksgarage.com/car-servicing-dubai/tyre-replacement-dubai/mazda","","","","","","",""
"https://www.powerworksgarage.com/car-servicing-dubai/tyre-replacement-dubai/infiniti","1","Non-Indexable","Canonicalised","https://powerworksgarage.com/car-servicing-dubai/tyre-replacement-dubai/infiniti","","","","","","",""
"https://www.powerworksgarage.com/car-servicing-dubai/tyre-replacement-dubai/chevrolet","1","Non-Indexable","Canonicalised","https://powerworksgarage.com/car-servicing-dubai/tyre-replacement-dubai/chevrolet","","","","","","",""
"https://www.powerworksgarage.com/car-servicing-dubai/tyre-replacement-dubai/lexus","1","Non-Indexable","Canonicalised","https://powerworksgarage.com/car-servicing-dubai/tyre-replacement-dubai/lexus","","","","","","",""
"https://www.powerworksgarage.com/car-servicing-dubai/tyre-replacement-dubai/mini","1","Non-Indexable","Canonicalised","https://powerworksgarage.com/car-servicing-dubai/tyre-replacement-dubai/mini","","","","","","",""
"https://www.powerworksgarage.com/car-servicing-dubai/tyre-replacement-dubai/lamborghini","1","Non-Indexable","Canonicalised","https://powerworksgarage.com/car-servicing-dubai/tyre-replacement-dubai/lamborghini","","","","","","",""
"https://www.powerworksgarage.com/car-servicing-dubai/tyre-replacement-dubai/dodge","1","Non-Indexable","Canonicalised","https://powerworksgarage.com/car-servicing-dubai/tyre-replacement-dubai/dodge","","","","","","",""
"https://www.powerworksgarage.com/car-servicing-dubai/tyre-replacement-dubai/volkswagen","1","Non-Indexable","Canonicalised","https://powerworksgarage.com/car-servicing-dubai/tyre-replacement-dubai/volkswagen","","","","","","",""
"https://www.powerworksgarage.com/car-servicing-dubai/tyre-replacement-dubai/toyota","1","Non-Indexable","Canonicalised","https://powerworksgarage.com/car-servicing-dubai/tyre-replacement-dubai/toyota","","","","","","",""
"https://www.powerworksgarage.com/car-servicing-dubai/tyre-replacement-dubai/bentley","1","Non-Indexable","Canonicalised","https://powerworksgarage.com/car-servicing-dubai/tyre-replacement-dubai/bentley","","","","","","",""
"https://www.powerworksgarage.com/car-servicing-dubai/tyre-replacement-dubai/land-rover","1","Non-Indexable","Canonicalised","https://powerworksgarage.com/car-servicing-dubai/tyre-replacement-dubai/land-rover","","","","","","",""
"https://www.powerworksgarage.com/car-servicing-dubai/tyre-replacement-dubai/honda","1","Non-Indexable","Canonicalised","https://powerworksgarage.com/car-servicing-dubai/tyre-replacement-dubai/honda","","","","","","",""
"https://www.powerworksgarage.com/car-servicing-dubai/tyre-replacement-dubai/jaguar","1","Non-Indexable","Canonicalised","https://powerworksgarage.com/car-servicing-dubai/tyre-replacement-dubai/jaguar","","","","","","",""
"https://www.powerworksgarage.com/car-servicing-dubai/tyre-replacement-dubai/nissan","1","Non-Indexable","Canonicalised","https://powerworksgarage.com/car-servicing-dubai/tyre-replacement-dubai/nissan","","","","","","",""
"https://www.powerworksgarage.com/car-servicing-dubai/tyre-replacement-dubai/audi","1","Non-Indexable","Canonicalised","https://powerworksgarage.com/car-servicing-dubai/tyre-replacement-dubai/audi","","","","","","",""
"https://www.powerworksgarage.com/car-servicing-dubai/tyre-replacement-dubai/aston-martin","1","Non-Indexable","Canonicalised","https://powerworksgarage.com/car-servicing-dubai/tyre-replacement-dubai/aston-martin","","","","","","",""
"https://www.powerworksgarage.com/car-servicing-dubai/tyre-replacement-dubai/porsche","1","Non-Indexable","Canonicalised","https://powerworksgarage.com/car-servicing-dubai/tyre-replacement-dubai/porsche","","","","","","",""
"https://www.powerworksgarage.com/car-servicing-dubai/tyre-replacement-dubai/ford","1","Non-Indexable","Canonicalised","https://powerworksgarage.com/car-servicing-dubai/tyre-replacement-dubai/ford","","","","","","",""
"https://www.powerworksgarage.com/car-servicing-dubai/tyre-replacement-dubai/bmw","1","Non-Indexable","Canonicalised","https://powerworksgarage.com/car-servicing-dubai/tyre-replacement-dubai/bmw","","","","","","",""
"https://www.powerworksgarage.com/car-servicing-dubai/tyre-replacement-dubai/maserati","1","Non-Indexable","Canonicalised","https://powerworksgarage.com/car-servicing-dubai/tyre-replacement-dubai/maserati","","","","","","",""
"https://www.powerworksgarage.com/contact?service=other","1","Non-Indexable","Canonicalised","https://powerworksgarage.com/contact","","","","","","",""
"https://www.powerworksgarage.com/car-servicing-dubai/car-recovery-dubai","1","Non-Indexable","Canonicalised","https://powerworksgarage.com/car-servicing-dubai/car-recovery-dubai","","","","","","",""
"https://www.powerworksgarage.com/car-servicing-dubai/fleet-maintenance-dubai","1","Non-Indexable","Canonicalised","https://powerworksgarage.com/car-servicing-dubai/fleet-maintenance-dubai","","","","","","",""
"https://www.powerworksgarage.com/contact?service=fleet","1","Non-Indexable","Canonicalised","https://powerworksgarage.com/contact","","","","","","",""
"https://www.powerworksgarage.com/car-servicing-dubai/timing-belt-dubai","1","Non-Indexable","Canonicalised","https://powerworksgarage.com/car-servicing-dubai/timing-belt-dubai","","","","","","",""
"https://www.powerworksgarage.com/car-servicing-dubai/ac-repair-dubai/ferrari","1","Non-Indexable","Canonicalised","https://powerworksgarage.com/car-servicing-dubai/ac-repair-dubai/ferrari","","","","","","",""
"https://www.powerworksgarage.com/car-servicing-dubai/ac-repair-dubai/ford","1","Non-Indexable","Canonicalised","https://powerworksgarage.com/car-servicing-dubai/ac-repair-dubai/ford","","","","","","",""
"https://www.powerworksgarage.com/car-servicing-dubai/ac-repair-dubai/lamborghini","1","Non-Indexable","Canonicalised","https://powerworksgarage.com/car-servicing-dubai/ac-repair-dubai/lamborghini","","","","","","",""
"https://www.powerworksgarage.com/car-servicing-dubai/ac-repair-dubai/dodge","1","Non-Indexable","Canonicalised","https://powerworksgarage.com/car-servicing-dubai/ac-repair-dubai/dodge","","","","","","",""
"https://www.powerworksgarage.com/car-servicing-dubai/ac-repair-dubai/audi","1","Non-Indexable","Canonicalised","https://powerworksgarage.com/car-servicing-dubai/ac-repair-dubai/audi","","","","","","",""
"https://www.powerworksgarage.com/car-servicing-dubai/ac-repair-dubai/infiniti","1","Non-Indexable","Canonicalised","https://powerworksgarage.com/car-servicing-dubai/ac-repair-dubai/infiniti","","","","","","",""
"https://www.powerworksgarage.com/car-servicing-dubai/ac-repair-dubai/maserati","1","Non-Indexable","Canonicalised","https://powerworksgarage.com/car-servicing-dubai/ac-repair-dubai/maserati","","","","","","",""
"https://www.powerworksgarage.com/car-servicing-dubai/ac-repair-dubai/gmc","1","Non-Indexable","Canonicalised","https://powerworksgarage.com/car-servicing-dubai/ac-repair-dubai/gmc","","","","","","",""
"https://www.powerworksgarage.com/car-servicing-dubai/ac-repair-dubai/lexus","1","Non-Indexable","Canonicalised","https://powerworksgarage.com/car-servicing-dubai/ac-repair-dubai/lexus","","","","","","",""
"https://www.powerworksgarage.com/car-servicing-dubai/ac-repair-dubai/mini","1","Non-Indexable","Canonicalised","https://powerworksgarage.com/car-servicing-dubai/ac-repair-dubai/mini","","","","","","",""
"https://www.powerworksgarage.com/car-servicing-dubai/ac-repair-dubai/jaguar","1","Non-Indexable","Canonicalised","https://powerworksgarage.com/car-servicing-dubai/ac-repair-dubai/jaguar","","","","","","",""
"https://www.powerworksgarage.com/car-servicing-dubai/oil-change-dubai/mazda","1","Non-Indexable","Canonicalised","https://powerworksgarage.com/car-servicing-dubai/oil-change-dubai/mazda","","","","","","",""
"https://www.powerworksgarage.com/car-servicing-dubai/ac-repair-dubai/mercedes","1","Non-Indexable","Canonicalised","https://powerworksgarage.com/car-servicing-dubai/ac-repair-dubai/mercedes","","","","","","",""
"https://www.powerworksgarage.com/car-servicing-dubai/ac-repair-dubai/honda","1","Non-Indexable","Canonicalised","https://powerworksgarage.com/car-servicing-dubai/ac-repair-dubai/honda","","","","","","",""
"https://www.powerworksgarage.com/car-servicing-dubai/oil-change-dubai/gmc","1","Non-Indexable","Canonicalised","https://powerworksgarage.com/car-servicing-dubai/oil-change-dubai/gmc","","","","","","",""
"https://www.powerworksgarage.com/car-servicing-dubai/oil-change-dubai/range-rover","1","Non-Indexable","Canonicalised","https://powerworksgarage.com/car-servicing-dubai/oil-change-dubai/range-rover","","","","","","",""
"https://www.powerworksgarage.com/car-servicing-dubai/oil-change-dubai/lamborghini","1","Non-Indexable","Canonicalised","https://powerworksgarage.com/car-servicing-dubai/oil-change-dubai/lamborghini","","","","","","",""
"https://www.powerworksgarage.com/car-servicing-dubai/oil-change-dubai/mini","1","Non-Indexable","Canonicalised","https://powerworksgarage.com/car-servicing-dubai/oil-change-dubai/mini","","","","","","",""
"https://www.powerworksgarage.com/car-servicing-dubai/oil-change-dubai/audi","1","Non-Indexable","Canonicalised","https://powerworksgarage.com/car-servicing-dubai/oil-change-dubai/audi","","","","","","",""
"https://www.powerworksgarage.com/car-servicing-dubai/oil-change-dubai/bmw","1","Non-Indexable","Canonicalised","https://powerworksgarage.com/car-servicing-dubai/oil-change-dubai/bmw","","","","","","",""
"https://www.powerworksgarage.com/car-servicing-dubai/oil-change-dubai/porsche","1","Non-Indexable","Canonicalised","https://powerworksgarage.com/car-servicing-dubai/oil-change-dubai/porsche","","","","","","",""
"https://www.powerworksgarage.com/car-servicing-dubai/oil-change-dubai/land-rover","1","Non-Indexable","Canonicalised","https://powerworksgarage.com/car-servicing-dubai/oil-change-dubai/land-rover","","","","","","",""
"https://www.powerworksgarage.com/car-servicing-dubai/timing-belt-dubai/land-rover","1","Non-Indexable","Canonicalised","https://powerworksgarage.com/car-servicing-dubai/timing-belt-dubai/land-rover","","","","","","",""
"https://www.powerworksgarage.com/car-servicing-dubai/timing-belt-dubai/jaguar","1","Non-Indexable","Canonicalised","https://powerworksgarage.com/car-servicing-dubai/timing-belt-dubai/jaguar","","","","","","",""
"https://www.powerworksgarage.com/car-servicing-dubai/timing-belt-dubai/toyota","1","Non-Indexable","Canonicalised","https://powerworksgarage.com/car-servicing-dubai/timing-belt-dubai/toyota","","","","","","",""
"https://www.powerworksgarage.com/car-servicing-dubai/timing-belt-dubai/mercedes","1","Non-Indexable","Canonicalised","https://powerworksgarage.com/car-servicing-dubai/timing-belt-dubai/mercedes","","","","","","",""
"https://www.powerworksgarage.com/car-servicing-dubai/timing-belt-dubai/honda","1","Non-Indexable","Canonicalised","https://powerworksgarage.com/car-servicing-dubai/timing-belt-dubai/honda","","","","","","",""
"https://www.powerworksgarage.com/car-servicing-dubai/timing-belt-dubai/nissan","1","Non-Indexable","Canonicalised","https://powerworksgarage.com/car-servicing-dubai/timing-belt-dubai/nissan","","","","","","",""
"https://www.powerworksgarage.com/car-servicing-dubai/timing-belt-dubai/jeep","1","Non-Indexable","Canonicalised","https://powerworksgarage.com/car-servicing-dubai/timing-belt-dubai/jeep","","","","","","",""
"https://www.powerworksgarage.com/car-servicing-dubai/fleet-maintenance-dubai/aston-martin","1","Non-Indexable","Canonicalised","https://powerworksgarage.com/car-servicing-dubai/fleet-maintenance-dubai/aston-martin","","","","","","",""
"https://www.powerworksgarage.com/car-servicing-dubai/fleet-maintenance-dubai/lamborghini","1","Non-Indexable","Canonicalised","https://powerworksgarage.com/car-servicing-dubai/fleet-maintenance-dubai/lamborghini","","","","","","",""
"https://www.powerworksgarage.com/car-servicing-dubai/fleet-maintenance-dubai/bmw","1","Non-Indexable","Canonicalised","https://powerworksgarage.com/car-servicing-dubai/fleet-maintenance-dubai/bmw","","","","","","",""
"https://www.powerworksgarage.com/car-servicing-dubai/fleet-maintenance-dubai/honda","1","Non-Indexable","Canonicalised","https://powerworksgarage.com/car-servicing-dubai/fleet-maintenance-dubai/honda","","","","","","",""
"https://www.powerworksgarage.com/car-servicing-dubai/fleet-maintenance-dubai/porsche","1","Non-Indexable","Canonicalised","https://powerworksgarage.com/car-servicing-dubai/fleet-maintenance-dubai/porsche","","","","","","",""
"https://www.powerworksgarage.com/car-servicing-dubai/fleet-maintenance-dubai/mini","1","Non-Indexable","Canonicalised","https://powerworksgarage.com/car-servicing-dubai/fleet-maintenance-dubai/mini","","","","","","",""
"https://www.powerworksgarage.com/car-servicing-dubai/fleet-maintenance-dubai/mercedes","1","Non-Indexable","Canonicalised","https://powerworksgarage.com/car-servicing-dubai/fleet-maintenance-dubai/mercedes","","","","","","",""
"https://www.powerworksgarage.com/car-servicing-dubai/fleet-maintenance-dubai/jaguar","1","Non-Indexable","Canonicalised","https://powerworksgarage.com/car-servicing-dubai/fleet-maintenance-dubai/jaguar","","","","","","",""
"https://www.powerworksgarage.com/car-servicing-dubai/fleet-maintenance-dubai/toyota","1","Non-Indexable","Canonicalised","https://powerworksgarage.com/car-servicing-dubai/fleet-maintenance-dubai/toyota","","","","","","",""
"https://www.powerworksgarage.com/car-servicing-dubai/fleet-maintenance-dubai/rolls-royce","1","Non-Indexable","Canonicalised","https://powerworksgarage.com/car-servicing-dubai/fleet-maintenance-dubai/rolls-royce","","","","","","",""
"https://www.powerworksgarage.com/car-servicing-dubai/fleet-maintenance-dubai/lexus","1","Non-Indexable","Canonicalised","https://powerworksgarage.com/car-servicing-dubai/fleet-maintenance-dubai/lexus","","","","","","",""
"https://www.powerworksgarage.com/car-servicing-dubai/fleet-maintenance-dubai/chevrolet","1","Non-Indexable","Canonicalised","https://powerworksgarage.com/car-servicing-dubai/fleet-maintenance-dubai/chevrolet","","","","","","",""
"https://www.powerworksgarage.com/car-servicing-dubai/fleet-maintenance-dubai/range-rover","1","Non-Indexable","Canonicalised","https://powerworksgarage.com/car-servicing-dubai/fleet-maintenance-dubai/range-rover","","","","","","",""
"https://www.powerworksgarage.com/car-servicing-dubai/fleet-maintenance-dubai/jeep","1","Non-Indexable","Canonicalised","https://powerworksgarage.com/car-servicing-dubai/fleet-maintenance-dubai/jeep","","","","","","",""
"https://www.powerworksgarage.com/car-servicing-dubai/fleet-maintenance-dubai/bentley","1","Non-Indexable","Canonicalised","https://powerworksgarage.com/car-servicing-dubai/fleet-maintenance-dubai/bentley","","","","","","",""
"https://www.powerworksgarage.com/car-servicing-dubai/fleet-maintenance-dubai/volkswagen","1","Non-Indexable","Canonicalised","https://powerworksgarage.com/car-servicing-dubai/fleet-maintenance-dubai/volkswagen","","","","","","",""
"https://www.powerworksgarage.com/car-servicing-dubai/fleet-maintenance-dubai/land-rover","1","Non-Indexable","Canonicalised","https://powerworksgarage.com/car-servicing-dubai/fleet-maintenance-dubai/land-rover","","","","","","",""
"https://www.powerworksgarage.com/car-servicing-dubai/fleet-maintenance-dubai/audi","1","Non-Indexable","Canonicalised","https://powerworksgarage.com/car-servicing-dubai/fleet-maintenance-dubai/audi","","","","","","",""
"https://www.powerworksgarage.com/car-servicing-dubai/fleet-maintenance-dubai/nissan","1","Non-Indexable","Canonicalised","https://powerworksgarage.com/car-servicing-dubai/fleet-maintenance-dubai/nissan","","","","","","",""
"https://www.powerworksgarage.com/car-servicing-dubai/fleet-maintenance-dubai/maserati","1","Non-Indexable","Canonicalised","https://powerworksgarage.com/car-servicing-dubai/fleet-maintenance-dubai/maserati","","","","","","",""
"https://www.powerworksgarage.com/car-servicing-dubai/fleet-maintenance-dubai/ford","1","Non-Indexable","Canonicalised","https://powerworksgarage.com/car-servicing-dubai/fleet-maintenance-dubai/ford","","","","","","",""
"https://www.powerworksgarage.com/car-servicing-dubai/fleet-maintenance-dubai/ferrari","1","Non-Indexable","Canonicalised","https://powerworksgarage.com/car-servicing-dubai/fleet-maintenance-dubai/ferrari","","","","","","",""
"https://www.powerworksgarage.com/car-servicing-dubai/fleet-maintenance-dubai/mazda","1","Non-Indexable","Canonicalised","https://powerworksgarage.com/car-servicing-dubai/fleet-maintenance-dubai/mazda","","","","","","",""
"https://www.powerworksgarage.com/car-servicing-dubai/fleet-maintenance-dubai/dodge","1","Non-Indexable","Canonicalised","https://powerworksgarage.com/car-servicing-dubai/fleet-maintenance-dubai/dodge","","","","","","",""
"https://www.powerworksgarage.com/car-servicing-dubai/fleet-maintenance-dubai/gmc","1","Non-Indexable","Canonicalised","https://powerworksgarage.com/car-servicing-dubai/fleet-maintenance-dubai/gmc","","","","","","",""
"https://www.powerworksgarage.com/car-servicing-dubai/car-recovery-dubai/aston-martin","1","Non-Indexable","Canonicalised","https://powerworksgarage.com/car-servicing-dubai/car-recovery-dubai/aston-martin","","","","","","",""
"https://www.powerworksgarage.com/car-servicing-dubai/fleet-maintenance-dubai/infiniti","1","Non-Indexable","Canonicalised","https://powerworksgarage.com/car-servicing-dubai/fleet-maintenance-dubai/infiniti","","","","","","",""
"https://www.powerworksgarage.com/car-servicing-dubai/car-recovery-dubai/audi","1","Non-Indexable","Canonicalised","https://powerworksgarage.com/car-servicing-dubai/car-recovery-dubai/audi","","","","","","",""
"https://www.powerworksgarage.com/car-servicing-dubai/car-recovery-dubai/bmw","1","Non-Indexable","Canonicalised","https://powerworksgarage.com/car-servicing-dubai/car-recovery-dubai/bmw","","","","","","",""
"https://www.powerworksgarage.com/car-servicing-dubai/car-recovery-dubai/toyota","1","Non-Indexable","Canonicalised","https://powerworksgarage.com/car-servicing-dubai/car-recovery-dubai/toyota","","","","","","",""
"https://www.powerworksgarage.com/car-servicing-dubai/car-recovery-dubai/ferrari","1","Non-Indexable","Canonicalised","https://powerworksgarage.com/car-servicing-dubai/car-recovery-dubai/ferrari","","","","","","",""
"https://www.powerworksgarage.com/car-servicing-dubai/car-recovery-dubai/ford","1","Non-Indexable","Canonicalised","https://powerworksgarage.com/car-servicing-dubai/car-recovery-dubai/ford","","","","","","",""
"https://www.powerworksgarage.com/car-servicing-dubai/car-recovery-dubai/mazda","1","Non-Indexable","Canonicalised","https://powerworksgarage.com/car-servicing-dubai/car-recovery-dubai/mazda","","","","","","",""
"https://www.powerworksgarage.com/car-servicing-dubai/car-recovery-dubai/bentley","1","Non-Indexable","Canonicalised","https://powerworksgarage.com/car-servicing-dubai/car-recovery-dubai/bentley","","","","","","",""
"https://www.powerworksgarage.com/car-servicing-dubai/car-recovery-dubai/lexus","1","Non-Indexable","Canonicalised","https://powerworksgarage.com/car-servicing-dubai/car-recovery-dubai/lexus","","","","","","",""
"https://www.powerworksgarage.com/car-servicing-dubai/car-recovery-dubai/range-rover","1","Non-Indexable","Canonicalised","https://powerworksgarage.com/car-servicing-dubai/car-recovery-dubai/range-rover","","","","","","",""
"https://www.powerworksgarage.com/car-servicing-dubai/car-recovery-dubai/lamborghini","1","Non-Indexable","Canonicalised","https://powerworksgarage.com/car-servicing-dubai/car-recovery-dubai/lamborghini","","","","","","",""
"https://www.powerworksgarage.com/car-servicing-dubai/car-recovery-dubai/gmc","1","Non-Indexable","Canonicalised","https://powerworksgarage.com/car-servicing-dubai/car-recovery-dubai/gmc","","","","","","",""
"https://www.powerworksgarage.com/car-servicing-dubai/car-recovery-dubai/volkswagen","1","Non-Indexable","Canonicalised","https://powerworksgarage.com/car-servicing-dubai/car-recovery-dubai/volkswagen","","","","","","",""
"https://www.powerworksgarage.com/car-servicing-dubai/car-recovery-dubai/mini","1","Non-Indexable","Canonicalised","https://powerworksgarage.com/car-servicing-dubai/car-recovery-dubai/mini","","","","","","",""
"https://www.powerworksgarage.com/car-servicing-dubai/car-recovery-dubai/honda","1","Non-Indexable","Canonicalised","https://powerworksgarage.com/car-servicing-dubai/car-recovery-dubai/honda","","","","","","",""
"https://www.powerworksgarage.com/car-servicing-dubai/car-recovery-dubai/nissan","1","Non-Indexable","Canonicalised","https://powerworksgarage.com/car-servicing-dubai/car-recovery-dubai/nissan","","","","","","",""
"https://www.powerworksgarage.com/car-servicing-dubai/car-recovery-dubai/jeep","1","Non-Indexable","Canonicalised","https://powerworksgarage.com/car-servicing-dubai/car-recovery-dubai/jeep","","","","","","",""
"https://www.powerworksgarage.com/car-servicing-dubai/car-recovery-dubai/rolls-royce","1","Non-Indexable","Canonicalised","https://powerworksgarage.com/car-servicing-dubai/car-recovery-dubai/rolls-royce","","","","","","",""
"https://www.powerworksgarage.com/car-servicing-dubai/car-recovery-dubai/jaguar","1","Non-Indexable","Canonicalised","https://powerworksgarage.com/car-servicing-dubai/car-recovery-dubai/jaguar","","","","","","",""
"https://www.powerworksgarage.com/car-servicing-dubai/car-recovery-dubai/mercedes","1","Non-Indexable","Canonicalised","https://powerworksgarage.com/car-servicing-dubai/car-recovery-dubai/mercedes","","","","","","",""
"https://www.powerworksgarage.com/car-servicing-dubai/car-recovery-dubai/dodge","1","Non-Indexable","Canonicalised","https://powerworksgarage.com/car-servicing-dubai/car-recovery-dubai/dodge","","","","","","",""
"https://www.powerworksgarage.com/car-servicing-dubai/car-recovery-dubai/land-rover","1","Non-Indexable","Canonicalised","https://powerworksgarage.com/car-servicing-dubai/car-recovery-dubai/land-rover","","","","","","",""
"https://www.powerworksgarage.com/car-servicing-dubai/car-recovery-dubai/porsche","1","Non-Indexable","Canonicalised","https://powerworksgarage.com/car-servicing-dubai/car-recovery-dubai/porsche","","","","","","",""
"https://www.powerworksgarage.com/car-servicing-dubai/car-recovery-dubai/maserati","1","Non-Indexable","Canonicalised","https://powerworksgarage.com/car-servicing-dubai/car-recovery-dubai/maserati","","","","","","",""
"https://www.powerworksgarage.com/car-servicing-dubai/car-recovery-dubai/infiniti","1","Non-Indexable","Canonicalised","https://powerworksgarage.com/car-servicing-dubai/car-recovery-dubai/infiniti","","","","","","",""
"https://www.powerworksgarage.com/car-servicing-dubai/car-recovery-dubai/chevrolet","1","Non-Indexable","Canonicalised","https://powerworksgarage.com/car-servicing-dubai/car-recovery-dubai/chevrolet","","","","","","",""
"https://www.powerworksgarage.com/car-servicing-dubai/timing-belt-dubai/ferrari","1","Non-Indexable","Canonicalised","https://powerworksgarage.com/car-servicing-dubai/timing-belt-dubai/ferrari","","","","","","",""
"https://www.powerworksgarage.com/car-servicing-dubai/timing-belt-dubai/chevrolet","1","Non-Indexable","Canonicalised","https://powerworksgarage.com/car-servicing-dubai/timing-belt-dubai/chevrolet","","","","","","",""
"https://www.powerworksgarage.com/car-servicing-dubai/timing-belt-dubai/bentley","1","Non-Indexable","Canonicalised","https://powerworksgarage.com/car-servicing-dubai/timing-belt-dubai/bentley","","","","","","",""
"https://www.powerworksgarage.com/car-servicing-dubai/timing-belt-dubai/infiniti","1","Non-Indexable","Canonicalised","https://powerworksgarage.com/car-servicing-dubai/timing-belt-dubai/infiniti","","","","","","",""
"https://www.powerworksgarage.com/car-servicing-dubai/timing-belt-dubai/volkswagen","1","Non-Indexable","Canonicalised","https://powerworksgarage.com/car-servicing-dubai/timing-belt-dubai/volkswagen","","","","","","",""
"https://www.powerworksgarage.com/car-servicing-dubai/timing-belt-dubai/mini","1","Non-Indexable","Canonicalised","https://powerworksgarage.com/car-servicing-dubai/timing-belt-dubai/mini","","","","","","",""
"https://www.powerworksgarage.com/car-servicing-dubai/timing-belt-dubai/mazda","1","Non-Indexable","Canonicalised","https://powerworksgarage.com/car-servicing-dubai/timing-belt-dubai/mazda","","","","","","",""
"https://www.powerworksgarage.com/car-servicing-dubai/timing-belt-dubai/porsche","1","Non-Indexable","Canonicalised","https://powerworksgarage.com/car-servicing-dubai/timing-belt-dubai/porsche","","","","","","",""
"https://www.powerworksgarage.com/car-servicing-dubai/timing-belt-dubai/gmc","1","Non-Indexable","Canonicalised","https://powerworksgarage.com/car-servicing-dubai/timing-belt-dubai/gmc","","","","","","",""
"https://www.powerworksgarage.com/car-servicing-dubai/timing-belt-dubai/rolls-royce","1","Non-Indexable","Canonicalised","https://powerworksgarage.com/car-servicing-dubai/timing-belt-dubai/rolls-royce","","","","","","",""
"https://www.powerworksgarage.com/car-servicing-dubai/timing-belt-dubai/dodge","1","Non-Indexable","Canonicalised","https://powerworksgarage.com/car-servicing-dubai/timing-belt-dubai/dodge","","","","","","",""
"https://www.powerworksgarage.com/car-servicing-dubai/timing-belt-dubai/audi","1","Non-Indexable","Canonicalised","https://powerworksgarage.com/car-servicing-dubai/timing-belt-dubai/audi","","","","","","",""
"https://www.powerworksgarage.com/car-servicing-dubai/timing-belt-dubai/ford","1","Non-Indexable","Canonicalised","https://powerworksgarage.com/car-servicing-dubai/timing-belt-dubai/ford","","","","","","",""
"https://www.powerworksgarage.com/car-servicing-dubai/timing-belt-dubai/range-rover","1","Non-Indexable","Canonicalised","https://powerworksgarage.com/car-servicing-dubai/timing-belt-dubai/range-rover","","","","","","",""
"https://www.powerworksgarage.com/car-servicing-dubai/timing-belt-dubai/maserati","1","Non-Indexable","Canonicalised","https://powerworksgarage.com/car-servicing-dubai/timing-belt-dubai/maserati","","","","","","",""
"https://www.powerworksgarage.com/car-servicing-dubai/timing-belt-dubai/aston-martin","1","Non-Indexable","Canonicalised","https://powerworksgarage.com/car-servicing-dubai/timing-belt-dubai/aston-martin","","","","","","",""
"https://www.powerworksgarage.com/car-servicing-dubai/timing-belt-dubai/lamborghini","1","Non-Indexable","Canonicalised","https://powerworksgarage.com/car-servicing-dubai/timing-belt-dubai/lamborghini","","","","","","",""
"https://www.powerworksgarage.com/car-servicing-dubai/car-inspection-dubai/mercedes","1","Non-Indexable","Canonicalised","https://powerworksgarage.com/car-servicing-dubai/car-inspection-dubai/mercedes","","","","","","",""
"https://www.powerworksgarage.com/car-servicing-dubai/timing-belt-dubai/bmw","1","Non-Indexable","Canonicalised","https://powerworksgarage.com/car-servicing-dubai/timing-belt-dubai/bmw","","","","","","",""
"https://www.powerworksgarage.com/car-servicing-dubai/car-inspection-dubai/range-rover","1","Non-Indexable","Canonicalised","https://powerworksgarage.com/car-servicing-dubai/car-inspection-dubai/range-rover","","","","","","",""
"https://www.powerworksgarage.com/car-servicing-dubai/car-inspection-dubai/aston-martin","1","Non-Indexable","Canonicalised","https://powerworksgarage.com/car-servicing-dubai/car-inspection-dubai/aston-martin","","","","","","",""
"https://www.powerworksgarage.com/car-servicing-dubai/car-inspection-dubai/ford","1","Non-Indexable","Canonicalised","https://powerworksgarage.com/car-servicing-dubai/car-inspection-dubai/ford","","","","","","",""
"https://www.powerworksgarage.com/car-servicing-dubai/car-inspection-dubai/lexus","1","Non-Indexable","Canonicalised","https://powerworksgarage.com/car-servicing-dubai/car-inspection-dubai/lexus","","","","","","",""
"https://www.powerworksgarage.com/car-servicing-dubai/car-inspection-dubai/audi","1","Non-Indexable","Canonicalised","https://powerworksgarage.com/car-servicing-dubai/car-inspection-dubai/audi","","","","","","",""
"https://www.powerworksgarage.com/car-servicing-dubai/car-inspection-dubai/bmw","1","Non-Indexable","Canonicalised","https://powerworksgarage.com/car-servicing-dubai/car-inspection-dubai/bmw","","","","","","",""
"https://www.powerworksgarage.com/car-servicing-dubai/car-inspection-dubai/porsche","1","Non-Indexable","Canonicalised","https://powerworksgarage.com/car-servicing-dubai/car-inspection-dubai/porsche","","","","","","",""
"https://www.powerworksgarage.com/car-servicing-dubai/car-inspection-dubai/rolls-royce","1","Non-Indexable","Canonicalised","https://powerworksgarage.com/car-servicing-dubai/car-inspection-dubai/rolls-royce","","","","","","",""
"https://www.powerworksgarage.com/car-servicing-dubai/car-inspection-dubai/honda","1","Non-Indexable","Canonicalised","https://powerworksgarage.com/car-servicing-dubai/car-inspection-dubai/honda","","","","","","",""
"https://www.powerworksgarage.com/car-servicing-dubai/car-inspection-dubai/maserati","1","Non-Indexable","Canonicalised","https://powerworksgarage.com/car-servicing-dubai/car-inspection-dubai/maserati","","","","","","",""
"https://www.powerworksgarage.com/car-servicing-dubai/car-inspection-dubai/gmc","1","Non-Indexable","Canonicalised","https://powerworksgarage.com/car-servicing-dubai/car-inspection-dubai/gmc","","","","","","",""
"https://www.powerworksgarage.com/car-servicing-dubai/car-inspection-dubai/dodge","1","Non-Indexable","Canonicalised","https://powerworksgarage.com/car-servicing-dubai/car-inspection-dubai/dodge","","","","","","",""
"https://www.powerworksgarage.com/car-servicing-dubai/car-inspection-dubai/jeep","1","Non-Indexable","Canonicalised","https://powerworksgarage.com/car-servicing-dubai/car-inspection-dubai/jeep","","","","","","",""
"https://www.powerworksgarage.com/car-servicing-dubai/car-inspection-dubai/bentley","1","Non-Indexable","Canonicalised","https://powerworksgarage.com/car-servicing-dubai/car-inspection-dubai/bentley","","","","","","",""
"https://www.powerworksgarage.com/car-servicing-dubai/car-inspection-dubai/jaguar","1","Non-Indexable","Canonicalised","https://powerworksgarage.com/car-servicing-dubai/car-inspection-dubai/jaguar","","","","","","",""
"https://www.powerworksgarage.com/car-servicing-dubai/car-inspection-dubai/mini","1","Non-Indexable","Canonicalised","https://powerworksgarage.com/car-servicing-dubai/car-inspection-dubai/mini","","","","","","",""
"https://www.powerworksgarage.com/car-servicing-dubai/car-inspection-dubai/nissan","1","Non-Indexable","Canonicalised","https://powerworksgarage.com/car-servicing-dubai/car-inspection-dubai/nissan","","","","","","",""
"https://www.powerworksgarage.com/car-servicing-dubai/car-inspection-dubai/land-rover","1","Non-Indexable","Canonicalised","https://powerworksgarage.com/car-servicing-dubai/car-inspection-dubai/land-rover","","","","","","",""
"https://www.powerworksgarage.com/car-servicing-dubai/car-inspection-dubai/toyota","1","Non-Indexable","Canonicalised","https://powerworksgarage.com/car-servicing-dubai/car-inspection-dubai/toyota","","","","","","",""
"https://www.powerworksgarage.com/car-servicing-dubai/car-inspection-dubai/mazda","1","Non-Indexable","Canonicalised","https://powerworksgarage.com/car-servicing-dubai/car-inspection-dubai/mazda","","","","","","",""
"https://www.powerworksgarage.com/car-servicing-dubai/car-inspection-dubai/ferrari","1","Non-Indexable","Canonicalised","https://powerworksgarage.com/car-servicing-dubai/car-inspection-dubai/ferrari","","","","","","",""
"https://www.powerworksgarage.com/car-servicing-dubai/car-inspection-dubai/volkswagen","1","Non-Indexable","Canonicalised","https://powerworksgarage.com/car-servicing-dubai/car-inspection-dubai/volkswagen","","","","","","",""
"https://www.powerworksgarage.com/car-servicing-dubai/car-inspection-dubai/infiniti","1","Non-Indexable","Canonicalised","https://powerworksgarage.com/car-servicing-dubai/car-inspection-dubai/infiniti","","","","","","",""
"https://www.powerworksgarage.com/car-servicing-dubai/car-inspection-dubai/chevrolet","1","Non-Indexable","Canonicalised","https://powerworksgarage.com/car-servicing-dubai/car-inspection-dubai/chevrolet","","","","","","",""
"https://www.powerworksgarage.com/car-servicing-dubai/car-inspection-dubai/lamborghini","1","Non-Indexable","Canonicalised","https://powerworksgarage.com/car-servicing-dubai/car-inspection-dubai/lamborghini","","","","","","",""
"https://www.powerworksgarage.com/car-servicing-dubai/timing-belt-dubai/lexus","1","Non-Indexable","Canonicalised","https://powerworksgarage.com/car-servicing-dubai/timing-belt-dubai/lexus","","","","","","",""
